lon,lat,iml
79,26,0.0537158287885
79,26.15,0.0551460112139
79,26.3,0.0695826550428
79,26.45,0.0713104776619
79,26.6,0.0647557595534
79,26.75,0.0686080678156
79,26.9,0.0786155904257
79,27.05,0.0854291359871
79,27.2,0.0881533179623
79,27.35,0.0929180599095
79,27.5,0.0973195347848
79,27.65,0.0943735448318
79,27.8,0.109134706914
79,27.95,0.11415100434
79,28.1,0.123664032024
79,28.25,0.132916612262
79,28.4,0.145582223737
79,28.55,0.153514433237
79,28.7,0.178184981797
79,28.85,0.201405746885
79,29,0.231343032531
79,29.15,0.27008445197
79,29.3,0.344762796571
79,29.45,0.58701968487
79,29.6,0.622512556466
79,29.75,0.540303037188
79,29.9,0.568169440689
79,30.05,0.528728332967
79,30.2,0.521976489896
79,30.35,0.485300007602
79,30.5,0.438857336181
79,30.65,0.324777982016
79,30.8,0.248599383814
79,30.95,0.207448644994
79.15,26,0.0627659892016
79.15,26.15,0.0758474759339
79.15,26.3,0.0789815950139
79.15,26.45,0.0791896208388
79.15,26.6,0.0820310983343
79.15,26.75,0.0928090072518
79.15,26.9,0.0977857097847
79.15,27.05,0.101386514373
79.15,27.2,0.104329491246
79.15,27.35,0.109059905983
79.15,27.5,0.112167581122
79.15,27.65,0.113639583419
79.15,27.8,0.12523751547
79.15,27.95,0.129537382616
79.15,28.1,0.142811781401
79.15,28.25,0.151235908059
79.15,28.4,0.162884201747
79.15,28.55,0.179883340179
79.15,28.7,0.197610714088
79.15,28.85,0.222651824657
79.15,29,0.257516105404
79.15,29.15,0.301174917039
79.15,29.3,0.406355963669
79.15,29.45,0.617694537443
79.15,29.6,0.533352093861
79.15,29.75,0.542218786574
79.15,29.9,0.556731394859
79.15,30.05,0.524449871353
79.15,30.2,0.501009942421
79.15,30.35,0.464110504829
79.15,30.5,0.381967123269
79.15,30.65,0.272688930394
79.15,30.8,0.226723957616
79.15,30.95,0.194238034724
79.3,26,0.0731707429705
79.3,26.15,0.0875115486423
79.3,26.3,0.100166518956
79.3,26.45,0.0997207522012
79.3,26.6,0.105889047244
79.3,26.75,0.110120191376
79.3,26.9,0.113440841465
79.3,27.05,0.116764690516
79.3,27.2,0.115993992897
79.3,27.35,0.123698683998
79.3,27.5,0.126334712454
79.3,27.65,0.133637474282
79.3,27.8,0.139539981238
79.3,27.95,0.147342014109
79.3,28.1,0.156098361262
79.3,28.25,0.166520230968
79.3,28.4,0.179638706899
79.3,28.55,0.19011099432
79.3,28.7,0.216291778448
79.3,28.85,0.23419850643
79.3,29,0.275156522315
79.3,29.15,0.333286642384
79.3,29.3,0.480013673798
79.3,29.45,0.516241337274
79.3,29.6,0.546714418721
79.3,29.75,0.563026807614
79.3,29.9,0.607557258065
79.3,30.05,0.520334079609
79.3,30.2,0.519647608123
79.3,30.35,0.44394993897
79.3,30.5,0.338304438842
79.3,30.65,0.246724486083
79.3,30.8,0.20817208827
79.3,30.95,0.178918716437
79.45,26,0.0761263289392
79.45,26.15,0.0985647729695
79.45,26.3,0.107762859471
79.45,26.45,0.10255146919
79.45,26.6,0.10971985989
79.45,26.75,0.118298549474
79.45,26.9,0.120223533109
79.45,27.05,0.122218097663
79.45,27.2,0.120460217712
79.45,27.35,0.12870268723
79.45,27.5,0.134944680309
79.45,27.65,0.140745310104
79.45,27.8,0.148128991927
79.45,27.95,0.152847255816
79.45,28.1,0.163030743943
79.45,28.25,0.173242529279
79.45,28.4,0.180700542059
79.45,28.55,0.207163484108
79.45,28.7,0.229391567854
79.45,28.85,0.259508560205
79.45,29,0.298067591722
79.45,29.15,0.384677783883
79.45,29.3,0.490365348662
79.45,29.45,0.531310149157
79.45,29.6,0.549503071321
79.45,29.75,0.635606375627
79.45,29.9,0.531436339841
79.45,30.05,0.508563127793
79.45,30.2,0.47812395565
79.45,30.35,0.41294744041
79.45,30.5,0.286979289748
79.45,30.65,0.228263020676
79.45,30.8,0.194933509685
79.45,30.95,0.167930290263
79.6,26,0.0819735222559
79.6,26.15,0.0896373747872
79.6,26.3,0.109868565051
79.6,26.45,0.116436910935
79.6,26.6,0.118547372875
79.6,26.75,0.121858800459
79.6,26.9,0.124311978565
79.6,27.05,0.126419403829
79.6,27.2,0.122512806324
79.6,27.35,0.132234271639
79.6,27.5,0.13899300874
79.6,27.65,0.145852102547
79.6,27.8,0.145025881262
79.6,27.95,0.158457552346
79.6,28.1,0.166790676988
79.6,28.25,0.18026730782
79.6,28.4,0.196766295846
79.6,28.55,0.215569390248
79.6,28.7,0.239870483105
79.6,28.85,0.277397199477
79.6,29,0.329182485136
79.6,29.15,0.472352019475
79.6,29.3,0.515301153134
79.6,29.45,0.536891573262
79.6,29.6,0.62878316306
79.6,29.75,0.55833875209
79.6,29.9,0.619285006085
79.6,30.05,0.500914510137
79.6,30.2,0.459535808334
79.6,30.35,0.362387471146
79.6,30.5,0.258650294029
79.6,30.65,0.213222298068
79.6,30.8,0.183329976418
79.6,30.95,0.15911534618
79.75,26,0.0840865230765
79.75,26.15,0.0927569630142
79.75,26.3,0.11370273503
79.75,26.45,0.112223870694
79.75,26.6,0.119981886321
79.75,26.75,0.123174884221
79.75,26.9,0.125813953018
79.75,27.05,0.130639944504
79.75,27.2,0.126408992595
79.75,27.35,0.13722387583
79.75,27.5,0.142582027029
79.75,27.65,0.146831255046
79.75,27.8,0.154970434444
79.75,27.95,0.161908992376
79.75,28.1,0.172915573757
79.75,28.25,0.185126480491
79.75,28.4,0.203492930295
79.75,28.55,0.223137537934
79.75,28.7,0.246848238968
79.75,28.85,0.296844626228
79.75,29,0.375460380505
79.75,29.15,0.508099342065
79.75,29.3,0.526695086075
79.75,29.45,0.637566438859
79.75,29.6,0.551044930689
79.75,29.75,0.5342535083
79.75,29.9,0.512523627881
79.75,30.05,0.487652874052
79.75,30.2,0.433927584852
79.75,30.35,0.30840950669
79.75,30.5,0.237356602214
79.75,30.65,0.207533688873
79.75,30.8,0.181526975033
79.75,30.95,0.151636900524
79.9,26,0.0852657283182
79.9,26.15,0.0942854367363
79.9,26.3,0.103748097382
79.9,26.45,0.118824555603
79.9,26.6,0.118580105177
79.9,26.75,0.126349212
79.9,26.9,0.128496468606
79.9,27.05,0.123825909002
79.9,27.2,0.135738579569
79.9,27.35,0.135880837296
79.9,27.5,0.145615334974
79.9,27.65,0.150264314745
79.9,27.8,0.158033051538
79.9,27.95,0.165127438432
79.9,28.1,0.177020012249
79.9,28.25,0.192768775543
79.9,28.4,0.204776856082
79.9,28.55,0.232311192945
79.9,28.7,0.26515272925
79.9,28.85,0.317265838246
79.9,29,0.426996609617
79.9,29.15,0.62133152245
79.9,29.3,0.538406497746
79.9,29.45,0.54674477155
79.9,29.6,0.534796373708
79.9,29.75,0.52151924304
79.9,29.9,0.502924834547
79.9,30.05,0.47053601133
79.9,30.2,0.39385508619
79.9,30.35,0.273559887688
79.9,30.5,0.22943543779
79.9,30.65,0.188187350388
79.9,30.8,0.166243738389
79.9,30.95,0.146150196697
80.05,26,0.0793947897175
80.05,26.15,0.0973448875614
80.05,26.3,0.115271521612
80.05,26.45,0.118965072152
80.05,26.6,0.122650078717
80.05,26.75,0.126048843438
80.05,26.9,0.122433320031
80.05,27.05,0.125188680777
80.05,27.2,0.135847772738
80.05,27.35,0.14162758889
80.05,27.5,0.146948067488
80.05,27.65,0.15248093155
80.05,27.8,0.158979999329
80.05,27.95,0.170293373561
80.05,28.1,0.180851826513
80.05,28.25,0.195395062367
80.05,28.4,0.21570817788
80.05,28.55,0.241916694447
80.05,28.7,0.270228297523
80.05,28.85,0.333819506623
80.05,29,0.514608042656
80.05,29.15,0.606455483734
80.05,29.3,0.562720013154
80.05,29.45,0.552321669027
80.05,29.6,0.565388218197
80.05,29.75,0.5375812033
80.05,29.9,0.503488144407
80.05,30.05,0.446490519452
80.05,30.2,0.32972172555
80.05,30.35,0.248094213768
80.05,30.5,0.206688089594
80.05,30.65,0.180514828287
80.05,30.8,0.1637651099
80.05,30.95,0.177362526697
80.2,26,0.0902540153862
80.2,26.15,0.10563304985
80.2,26.3,0.115395374429
80.2,26.45,0.121449613373
80.2,26.6,0.12338404442
80.2,26.75,0.127446844717
80.2,26.9,0.126515234622
80.2,27.05,0.130678659461
80.2,27.2,0.140475070478
80.2,27.35,0.138987923178
80.2,27.5,0.144905509329
80.2,27.65,0.155693000874
80.2,27.8,0.160143618197
80.2,27.95,0.16924121167
80.2,28.1,0.178606579751
80.2,28.25,0.197765211095
80.2,28.4,0.218637087675
80.2,28.55,0.250992065866
80.2,28.7,0.288226898783
80.2,28.85,0.363676902391
80.2,29,0.598307382796
80.2,29.15,0.531393512858
80.2,29.3,0.547123201214
80.2,29.45,0.542930269705
80.2,29.6,0.550089007581
80.2,29.75,0.527674223311
80.2,29.9,0.469926647357
80.2,30.05,0.392822469283
80.2,30.2,0.279022402192
80.2,30.35,0.226863826696
80.2,30.5,0.193587346188
80.2,30.65,0.172463042346
80.2,30.8,0.152818053901
80.2,30.95,0.165990023946
80.35,26,0.0894748480243
80.35,26.15,0.105448412174
80.35,26.3,0.117341310476
80.35,26.45,0.116091916102
80.35,26.6,0.127720864757
80.35,26.75,0.130061261853
80.35,26.9,0.134546194575
80.35,27.05,0.133290274834
80.35,27.2,0.142038306924
80.35,27.35,0.147974936154
80.35,27.5,0.1452844807
80.35,27.65,0.16039533701
80.35,27.8,0.167876232638
80.35,27.95,0.172609231973
80.35,28.1,0.192256519448
80.35,28.25,0.204662785886
80.35,28.4,0.229593704715
80.35,28.55,0.262363912497
80.35,28.7,0.305694945581
80.35,28.85,0.408451983365
80.35,29,0.599662837172
80.35,29.15,0.551531694285
80.35,29.3,0.544697419428
80.35,29.45,0.537871275931
80.35,29.6,0.519285544993
80.35,29.75,0.507386720862
80.35,29.9,0.451233282919
80.35,30.05,0.338191370855
80.35,30.2,0.250400379497
80.35,30.35,0.209568696547
80.35,30.5,0.18414013503
80.35,30.65,0.181919610812
80.35,30.8,0.15381146484
80.35,30.95,0.152351442759
80.5,26,0.0843500283684
80.5,26.15,0.104442841136
80.5,26.3,0.113076523735
80.5,26.45,0.117951191798
80.5,26.6,0.128600267936
80.5,26.75,0.130210174055
80.5,26.9,0.136319727664
80.5,27.05,0.134934738341
80.5,27.2,0.145561503522
80.5,27.35,0.141516688306
80.5,27.5,0.156174585095
80.5,27.65,0.160078135759
80.5,27.8,0.16893981113
80.5,27.95,0.178561752677
80.5,28.1,0.18385127836
80.5,28.25,0.207042631267
80.5,28.4,0.239409875539
80.5,28.55,0.270445997644
80.5,28.7,0.324097266383
80.5,28.85,0.468535078638
80.5,29,0.516117331181
80.5,29.15,0.546100248883
80.5,29.3,0.572140820424
80.5,29.45,0.606218604111
80.5,29.6,0.513065854403
80.5,29.75,0.490356766549
80.5,29.9,0.428281937019
80.5,30.05,0.298877303132
80.5,30.2,0.233917313821
80.5,30.35,0.199172151942
80.5,30.5,0.179978420431
80.5,30.65,0.162824342766
80.5,30.8,0.160574827149
80.5,30.95,0.183390439832
80.65,26,0.0919795735778
80.65,26.15,0.10081216167
80.65,26.3,0.119679263773
80.65,26.45,0.125388325078
80.65,26.6,0.1280987246
80.65,26.75,0.128019335035
80.65,26.9,0.135772708397
80.65,27.05,0.136005210289
80.65,27.2,0.138074599257
80.65,27.35,0.149430808135
80.65,27.5,0.152984241523
80.65,27.65,0.164298779332
80.65,27.8,0.178049232626
80.65,27.95,0.189771208169
80.65,28.1,0.198764396732
80.65,28.25,0.224681078213
80.65,28.4,0.243334857959
80.65,28.55,0.282575462661
80.65,28.7,0.351800985716
80.65,28.85,0.554236500521
80.65,29,0.535747194948
80.65,29.15,0.548879961474
80.65,29.3,0.544245371203
80.65,29.45,0.559324585619
80.65,29.6,0.50974612427
80.65,29.75,0.471067211878
80.65,29.9,0.390542270775
80.65,30.05,0.271154874835
80.65,30.2,0.220357249685
80.65,30.35,0.18896091278
80.65,30.5,0.17016490003
80.65,30.65,0.19605319989
80.65,30.8,0.179802931952
80.65,30.95,0.245978499072
80.8,26,0.0910792601733
80.8,26.15,0.108699036306
80.8,26.3,0.117137675728
80.8,26.45,0.12346430733
80.8,26.6,0.128067275331
80.8,26.75,0.134423340853
80.8,26.9,0.134164791786
80.8,27.05,0.140902006486
80.8,27.2,0.146194688559
80.8,27.35,0.148944966928
80.8,27.5,0.164948863578
80.8,27.65,0.173413881482
80.8,27.8,0.183834029564
80.8,27.95,0.191154001928
80.8,28.1,0.213239155666
80.8,28.25,0.236530979262
80.8,28.4,0.256675304975
80.8,28.55,0.301011824101
80.8,28.7,0.390858302752
80.8,28.85,0.507757606515
80.8,29,0.538795422023
80.8,29.15,0.630201472409
80.8,29.3,0.612600277304
80.8,29.45,0.52108090711
80.8,29.6,0.573612244538
80.8,29.75,0.453261447983
80.8,29.9,0.338975950288
80.8,30.05,0.252371561081
80.8,30.2,0.209663173648
80.8,30.35,0.183908120097
80.8,30.5,0.170565707384
80.8,30.65,0.173637201466
80.8,30.8,0.266332077623
80.8,30.95,0.293491891971
80.95,26,0.0896517066907
80.95,26.15,0.105844349973
80.95,26.3,0.119727636502
80.95,26.45,0.127052724874
80.95,26.6,0.13184688097
80.95,26.75,0.138357621307
80.95,26.9,0.136923569531
80.95,27.05,0.148419976648
80.95,27.2,0.154582418901
80.95,27.35,0.16136625351
80.95,27.5,0.170387512029
80.95,27.65,0.175084570248
80.95,27.8,0.193894554057
80.95,27.95,0.207698598789
80.95,28.1,0.224313194186
80.95,28.25,0.249332372331
80.95,28.4,0.279575648764
80.95,28.55,0.330375641121
80.95,28.7,0.447720104003
80.95,28.85,0.522989245502
80.95,29,0.540099088784
80.95,29.15,0.542402168239
80.95,29.3,0.534149575186
80.95,29.45,0.5128165289
80.95,29.6,0.488099979081
80.95,29.75,0.428909201678
80.95,29.9,0.301257515113
80.95,30.05,0.244558082936
80.95,30.2,0.219235557332
80.95,30.35,0.199407206994
80.95,30.5,0.195835488209
80.95,30.65,0.225817921277
80.95,30.8,0.351013974553
80.95,30.95,0.50895872312
81.1,26,0.0775785487173
81.1,26.15,0.102771048046
81.1,26.3,0.116302190918
81.1,26.45,0.124519515162
81.1,26.6,0.13226398137
81.1,26.75,0.14007804774
81.1,26.9,0.141755415813
81.1,27.05,0.1518625739
81.1,27.2,0.158128338074
81.1,27.35,0.165984414069
81.1,27.5,0.176389845513
81.1,27.65,0.186969896018
81.1,27.8,0.197464567747
81.1,27.95,0.219089972223
81.1,28.1,0.239815941307
81.1,28.25,0.26443075338
81.1,28.4,0.315394952307
81.1,28.55,0.389678568504
81.1,28.7,0.597600193508
81.1,28.85,0.541727117078
81.1,29,0.540966305148
81.1,29.15,0.542272092824
81.1,29.3,0.528073002785
81.1,29.45,0.506408176641
81.1,29.6,0.472606526978
81.1,29.75,0.395310906676
81.1,29.9,0.329054844716
81.1,30.05,0.302061377337
81.1,30.2,0.29210483701
81.1,30.35,0.333390283885
81.1,30.5,0.310476136939
81.1,30.65,0.466682459313
81.1,30.8,0.325526704574
81.1,30.95,0.509758581494
81.25,26,0.081722845248
81.25,26.15,0.101128335487
81.25,26.3,0.117038034442
81.25,26.45,0.126783063645
81.25,26.6,0.136090862405
81.25,26.75,0.138190219698
81.25,26.9,0.146421537276
81.25,27.05,0.156026204387
81.25,27.2,0.162338393384
81.25,27.35,0.172131712809
81.25,27.5,0.183230997227
81.25,27.65,0.196661572646
81.25,27.8,0.207713215278
81.25,27.95,0.231572266266
81.25,28.1,0.258100839999
81.25,28.25,0.299023754307
81.25,28.4,0.351293326626
81.25,28.55,0.521361972174
81.25,28.7,0.527061762584
81.25,28.85,0.632802518573
81.25,29,0.540746559032
81.25,29.15,0.649761766436
81.25,29.3,0.524507476111
81.25,29.45,0.510089005116
81.25,29.6,0.456811855765
81.25,29.75,0.372343230577
81.25,29.9,0.416649377851
81.25,30.05,0.410425443102
81.25,30.2,0.474230541547
81.25,30.35,0.346864993154
81.25,30.5,0.346596161946
81.25,30.65,0.453297221278
81.25,30.8,0.444570479448
81.25,30.95,0.476013265778
81.4,26,0.081977761801
81.4,26.15,0.0982276509323
81.4,26.3,0.118982818374
81.4,26.45,0.132077891478
81.4,26.6,0.138404411459
81.4,26.75,0.144468363751
81.4,26.9,0.152847483226
81.4,27.05,0.158479322651
81.4,27.2,0.16834227234
81.4,27.35,0.17875510968
81.4,27.5,0.183937429117
81.4,27.65,0.207010146291
81.4,27.8,0.225552654089
81.4,27.95,0.240112232707
81.4,28.1,0.284864464154
81.4,28.25,0.337123287583
81.4,28.4,0.446216652923
81.4,28.55,0.621966524139
81.4,28.7,0.52580015855
81.4,28.85,0.532169753067
81.4,29,0.533046182909
81.4,29.15,0.528830894744
81.4,29.3,0.509522612681
81.4,29.45,0.490342696955
81.4,29.6,0.449729281651
81.4,29.75,0.446156397615
81.4,29.9,0.426302858407
81.4,30.05,0.390153890844
81.4,30.2,0.360981464426
81.4,30.35,0.372420868974
81.4,30.5,0.363498493397
81.4,30.65,0.445176318641
81.4,30.8,0.426068169709
81.4,30.95,0.363881330349
81.55,26,0.0829843779537
81.55,26.15,0.0982953905349
81.55,26.3,0.118995278037
81.55,26.45,0.133296936469
81.55,26.6,0.142185002072
81.55,26.75,0.146620330079
81.55,26.9,0.155103032114
81.55,27.05,0.164710086258
81.55,27.2,0.173169847778
81.55,27.35,0.18647675082
81.55,27.5,0.196086512832
81.55,27.65,0.217722231659
81.55,27.8,0.239107156115
81.55,27.95,0.263961271167
81.55,28.1,0.318027203466
81.55,28.25,0.396287108664
81.55,28.4,0.584769162439
81.55,28.55,0.616256076266
81.55,28.7,0.541703624007
81.55,28.85,0.528015620378
81.55,29,0.620456960339
81.55,29.15,0.514465581581
81.55,29.3,0.503041690986
81.55,29.45,0.489188460837
81.55,29.6,0.470215283871
81.55,29.75,0.402728234825
81.55,29.9,0.371203200133
81.55,30.05,0.349661256163
81.55,30.2,0.392602135035
81.55,30.35,0.337425227777
81.55,30.5,0.410920192587
81.55,30.65,0.557945465526
81.55,30.8,0.435026999285
81.55,30.95,0.228317861921
81.7,26,0.0811207329815
81.7,26.15,0.100538612431
81.7,26.3,0.122097856363
81.7,26.45,0.129951215512
81.7,26.6,0.13974961889
81.7,26.75,0.151505413781
81.7,26.9,0.159588863776
81.7,27.05,0.167304679464
81.7,27.2,0.180646597886
81.7,27.35,0.194516195506
81.7,27.5,0.210975961879
81.7,27.65,0.228184212821
81.7,27.8,0.255775601944
81.7,27.95,0.301392132329
81.7,28.1,0.362741201357
81.7,28.25,0.561865541467
81.7,28.4,0.5936116755
81.7,28.55,0.53511060517
81.7,28.7,0.547486018045
81.7,28.85,0.539715864288
81.7,29,0.514458694847
81.7,29.15,0.503458186317
81.7,29.3,0.521874321931
81.7,29.45,0.499991478856
81.7,29.6,0.420433134499
81.7,29.75,0.373768641547
81.7,29.9,0.40868729887
81.7,30.05,0.358314719704
81.7,30.2,0.34807638843
81.7,30.35,0.337986617798
81.7,30.5,0.445463890369
81.7,30.65,0.473913321341
81.7,30.8,0.426782705864
81.7,30.95,0.181133828395
81.85,26,0.0782915585399
81.85,26.15,0.101409177459
81.85,26.3,0.124377418663
81.85,26.45,0.130620514597
81.85,26.6,0.148249269571
81.85,26.75,0.155183133623
81.85,26.9,0.163631266199
81.85,27.05,0.173931138971
81.85,27.2,0.186026064403
81.85,27.35,0.203685822385
81.85,27.5,0.222875392925
81.85,27.65,0.249822734046
81.85,27.8,0.279080716659
81.85,27.95,0.331233294611
81.85,28.1,0.47272708642
81.85,28.25,0.524866118484
81.85,28.4,0.649653088822
81.85,28.55,0.608738976469
81.85,28.7,0.528323148826
81.85,28.85,0.518429075361
81.85,29,0.542492906049
81.85,29.15,0.599862915106
81.85,29.3,0.533541164543
81.85,29.45,0.461484339322
81.85,29.6,0.404382854772
81.85,29.75,0.398662318454
81.85,29.9,0.400782345241
81.85,30.05,0.390123323694
81.85,30.2,0.353090402578
81.85,30.35,0.341634813812
81.85,30.5,0.438214147074
81.85,30.65,0.463606519993
81.85,30.8,0.332415198857
81.85,30.95,0.15954344309
82,26,0.0844912742557
82,26.15,0.104529687619
82,26.3,0.117707193413
82,26.45,0.138560352038
82,26.6,0.145993483189
82,26.75,0.156952961997
82,26.9,0.166479068715
82,27.05,0.179742882227
82,27.2,0.194652847317
82,27.35,0.213654783732
82,27.5,0.237974202178
82,27.65,0.27390786463
82,27.8,0.315495005277
82,27.95,0.391123330851
82,28.1,0.600622375468
82,28.25,0.528170692226
82,28.4,0.562088654271
82,28.55,0.549268747348
82,28.7,0.522337216461
82,28.85,0.508305254219
82,29,0.50622977802
82,29.15,0.481353928648
82,29.3,0.47150345078
82,29.45,0.416618828304
82,29.6,0.402496160287
82,29.75,0.40173199754
82,29.9,0.37359137486
82,30.05,0.254066425266
82,30.2,0.222454979815
82,30.35,0.253101592473
82,30.5,0.342989880111
82,30.65,0.320282164256
82,30.8,0.318343766511
82,30.95,0.151406951687
82.15,26,0.0864691675504
82.15,26.15,0.105795144501
82.15,26.3,0.12378508724
82.15,26.45,0.143012292974
82.15,26.6,0.150278282055
82.15,26.75,0.162099389684
82.15,26.9,0.170337439805
82.15,27.05,0.186213496705
82.15,27.2,0.202883181633
82.15,27.35,0.219176186964
82.15,27.5,0.256066500522
82.15,27.65,0.29571519934
82.15,27.8,0.371542241861
82.15,27.95,0.579386859863
82.15,28.1,0.52540049399
82.15,28.25,0.536559942116
82.15,28.4,0.548627643028
82.15,28.55,0.611312150882
82.15,28.7,0.511842598901
82.15,28.85,0.586735934328
82.15,29,0.48503031613
82.15,29.15,0.440161598838
82.15,29.3,0.39069729049
82.15,29.45,0.380385317832
82.15,29.6,0.349292146341
82.15,29.75,0.282156133981
82.15,29.9,0.258818025648
82.15,30.05,0.192077188236
82.15,30.2,0.165205768409
82.15,30.35,0.177090412004
82.15,30.5,0.251888062521
82.15,30.65,0.375655856369
82.15,30.8,0.211614118812
82.15,30.95,0.130813188971
82.3,26,0.0880905272342
82.3,26.15,0.101806781008
82.3,26.3,0.128562179521
82.3,26.45,0.145248934866
82.3,26.6,0.150415019164
82.3,26.75,0.158789354227
82.3,26.9,0.174792735133
82.3,27.05,0.189099353394
82.3,27.2,0.204619843603
82.3,27.35,0.233040145843
82.3,27.5,0.273559023963
82.3,27.65,0.331137941186
82.3,27.8,0.457385386625
82.3,27.95,0.516448213557
82.3,28.1,0.660997202461
82.3,28.25,0.546673054193
82.3,28.4,0.549361598971
82.3,28.55,0.545532782647
82.3,28.7,0.515107622512
82.3,28.85,0.506654848302
82.3,29,0.447071580743
82.3,29.15,0.419877211458
82.3,29.3,0.479672870349
82.3,29.45,0.337791258136
82.3,29.6,0.289506117394
82.3,29.75,0.205009245391
82.3,29.9,0.176772581905
82.3,30.05,0.157098775148
82.3,30.2,0.162144698438
82.3,30.35,0.180675800227
82.3,30.5,0.164116630593
82.3,30.65,0.282251272536
82.3,30.8,0.203204582979
82.3,30.95,0.122189763169
82.45,26,0.0830278795935
82.45,26.15,0.106133818717
82.45,26.3,0.131413678425
82.45,26.45,0.141132016726
82.45,26.6,0.156278673316
82.45,26.75,0.166018705005
82.45,26.9,0.176956379729
82.45,27.05,0.192481133357
82.45,27.2,0.213671753043
82.45,27.35,0.241857311264
82.45,27.5,0.286300279616
82.45,27.65,0.363487658479
82.45,27.8,0.598386739046
82.45,27.95,0.527763379815
82.45,28.1,0.653159326053
82.45,28.25,0.534770870398
82.45,28.4,0.522877962606
82.45,28.55,0.523180243731
82.45,28.7,0.496169541544
82.45,28.85,0.421339304067
82.45,29,0.329501930367
82.45,29.15,0.409787439285
82.45,29.3,0.286535874519
82.45,29.45,0.226314248469
82.45,29.6,0.196448759031
82.45,29.75,0.166630929307
82.45,29.9,0.148857567312
82.45,30.05,0.144172020441
82.45,30.2,0.179965677614
82.45,30.35,0.144323649077
82.45,30.5,0.151808626339
82.45,30.65,0.171068305516
82.45,30.8,0.123539638815
82.45,30.95,0.122570165083
82.6,26,0.0896487081326
82.6,26.15,0.110873048268
82.6,26.3,0.133224306103
82.6,26.45,0.145521994206
82.6,26.6,0.150127431079
82.6,26.75,0.166379305838
82.6,26.9,0.180433919354
82.6,27.05,0.198285394623
82.6,27.2,0.217720728866
82.6,27.35,0.248332999388
82.6,27.5,0.288268917937
82.6,27.65,0.382479696194
82.6,27.8,0.626641888217
82.6,27.95,0.536008453212
82.6,28.1,0.536404745385
82.6,28.25,0.528487335564
82.6,28.4,0.51109594378
82.6,28.55,0.499922676364
82.6,28.7,0.445909757188
82.6,28.85,0.32078355776
82.6,29,0.264902262296
82.6,29.15,0.256803065611
82.6,29.3,0.216784164944
82.6,29.45,0.183912721846
82.6,29.6,0.165408454788
82.6,29.75,0.148207269746
82.6,29.9,0.135475911594
82.6,30.05,0.147843306694
82.6,30.2,0.15707617122
82.6,30.35,0.134869799676
82.6,30.5,0.113126489937
82.6,30.65,0.11112010307
82.6,30.8,0.108517528404
82.6,30.95,0.0857200120712
82.75,26,0.0921244687297
82.75,26.15,0.112211338515
82.75,26.3,0.128802154878
82.75,26.45,0.147944080342
82.75,26.6,0.157701467951
82.75,26.75,0.169816825143
82.75,26.9,0.183169752362
82.75,27.05,0.200922600315
82.75,27.2,0.222374773355
82.75,27.35,0.248418209785
82.75,27.5,0.296938426491
82.75,27.65,0.397645771122
82.75,27.8,0.620649371438
82.75,27.95,0.610702059778
82.75,28.1,0.536267756948
82.75,28.25,0.532065646799
82.75,28.4,0.507198847526
82.75,28.55,0.514150015342
82.75,28.7,0.424979195324
82.75,28.85,0.294003109149
82.75,29,0.235874647939
82.75,29.15,0.207728522604
82.75,29.3,0.195731987704
82.75,29.45,0.164774407098
82.75,29.6,0.149653594114
82.75,29.75,0.140762961382
82.75,29.9,0.126933669725
82.75,30.05,0.149197367767
82.75,30.2,0.148090669201
82.75,30.35,0.144850027381
82.75,30.5,0.105465227578
82.75,30.65,0.102724325286
82.75,30.8,0.0969678933046
82.75,30.95,0.0799559099912
82.9,26,0.0917659476351
82.9,26.15,0.109238225748
82.9,26.3,0.13522851138
82.9,26.45,0.150946285552
82.9,26.6,0.159863502978
82.9,26.75,0.1726655683
82.9,26.9,0.187548863852
82.9,27.05,0.203868130175
82.9,27.2,0.22555423994
82.9,27.35,0.258364405756
82.9,27.5,0.311573038449
82.9,27.65,0.415357840677
82.9,27.8,0.606013714992
82.9,27.95,0.540786925297
82.9,28.1,0.542068901855
82.9,28.25,0.530152567903
82.9,28.4,0.507894163396
82.9,28.55,0.548459432064
82.9,28.7,0.414776368382
82.9,28.85,0.292886164528
82.9,29,0.223668568992
82.9,29.15,0.192830122676
82.9,29.3,0.170212415152
82.9,29.45,0.155047477109
82.9,29.6,0.140465533604
82.9,29.75,0.130557002239
82.9,29.9,0.148061764242
82.9,30.05,0.137375159721
82.9,30.2,0.150673905629
82.9,30.35,0.149937990484
82.9,30.5,0.111918584102
82.9,30.65,0.0933704819225
82.9,30.8,0.119562892034
82.9,30.95,0.0853424582315
83.05,26,0.0954392467096
83.05,26.15,0.115287848145
83.05,26.3,0.136239020713
83.05,26.45,0.145557356373
83.05,26.6,0.162299632846
83.05,26.75,0.175473255211
83.05,26.9,0.188266303683
83.05,27.05,0.203316092522
83.05,27.2,0.231593469476
83.05,27.35,0.26059718586
83.05,27.5,0.314860949379
83.05,27.65,0.435554409326
83.05,27.8,0.5383079538
83.05,27.95,0.544156761461
83.05,28.1,0.574214097281
83.05,28.25,0.528035982658
83.05,28.4,0.505627315057
83.05,28.55,0.47593017241
83.05,28.7,0.400504410046
83.05,28.85,0.269919706669
83.05,29,0.246148390334
83.05,29.15,0.185363709344
83.05,29.3,0.172486697628
83.05,29.45,0.147710860438
83.05,29.6,0.134201046881
83.05,29.75,0.130323634718
83.05,29.9,0.12982120986
83.05,30.05,0.156899091019
83.05,30.2,0.150298814033
83.05,30.35,0.126484074589
83.05,30.5,0.101479784279
83.05,30.65,0.101893343532
83.05,30.8,0.084744851062
83.05,30.95,0.0809505022303
83.2,26,0.0961634364051
83.2,26.15,0.118359660549
83.2,26.3,0.140771266846
83.2,26.45,0.154177532655
83.2,26.6,0.163127429108
83.2,26.75,0.170738293738
83.2,26.9,0.189144637322
83.2,27.05,0.209010552485
83.2,27.2,0.237478854876
83.2,27.35,0.274341342245
83.2,27.5,0.334344164354
83.2,27.65,0.470065199153
83.2,27.8,0.606132842816
83.2,27.95,0.618016089425
83.2,28.1,0.616311563393
83.2,28.25,0.527640663406
83.2,28.4,0.503039176697
83.2,28.55,0.472131592787
83.2,28.7,0.389622082477
83.2,28.85,0.260667283463
83.2,29,0.212510438115
83.2,29.15,0.182030579513
83.2,29.3,0.160029897641
83.2,29.45,0.14423358967
83.2,29.6,0.146953477605
83.2,29.75,0.15298813556
83.2,29.9,0.133093274739
83.2,30.05,0.131989302433
83.2,30.2,0.13483269171
83.2,30.35,0.0954829036468
83.2,30.5,0.0903651301102
83.2,30.65,0.0897002870088
83.2,30.8,0.0811551263301
83.2,30.95,0.0985444203403
83.35,26,0.0980653103246
83.35,26.15,0.115457411385
83.35,26.3,0.141196412992
83.35,26.45,0.158084406579
83.35,26.6,0.16828684504
83.35,26.75,0.171770886795
83.35,26.9,0.198085138643
83.35,27.05,0.214076805647
83.35,27.2,0.241954861123
83.35,27.35,0.288296090565
83.35,27.5,0.358817804674
83.35,27.65,0.559478186718
83.35,27.8,0.549353311712
83.35,27.95,0.533202379937
83.35,28.1,0.542862936973
83.35,28.25,0.523418933513
83.35,28.4,0.504209270783
83.35,28.55,0.470293513943
83.35,28.7,0.371795853251
83.35,28.85,0.26825056175
83.35,29,0.237963448806
83.35,29.15,0.197350986432
83.35,29.3,0.167896759175
83.35,29.45,0.14578676729
83.35,29.6,0.135878876641
83.35,29.75,0.140125813084
83.35,29.9,0.148836329416
83.35,30.05,0.163198758138
83.35,30.2,0.104535164321
83.35,30.35,0.136194555261
83.35,30.5,0.0913735749967
83.35,30.65,0.0902594241242
83.35,30.8,0.0814151139368
83.35,30.95,0.0700993984047
83.5,26,0.0987022851098
83.5,26.15,0.118257441522
83.5,26.3,0.144333152716
83.5,26.45,0.16022805125
83.5,26.6,0.171194418215
83.5,26.75,0.186826549197
83.5,26.9,0.20603825644
83.5,27.05,0.224642283613
83.5,27.2,0.245656578915
83.5,27.35,0.298802802313
83.5,27.5,0.392458242588
83.5,27.65,0.60742117823
83.5,27.8,0.52512116864
83.5,27.95,0.563487251209
83.5,28.1,0.528236660189
83.5,28.25,0.518327497422
83.5,28.4,0.534396387899
83.5,28.55,0.533234124614
83.5,28.7,0.415308679765
83.5,28.85,0.350545454071
83.5,29,0.315800320226
83.5,29.15,0.248283360002
83.5,29.3,0.205907058874
83.5,29.45,0.187403123002
83.5,29.6,0.194067788646
83.5,29.75,0.159721468303
83.5,29.9,0.190172970917
83.5,30.05,0.121862640077
83.5,30.2,0.109265196624
83.5,30.35,0.115657229082
83.5,30.5,0.0902283410831
83.5,30.65,0.109001783605
83.5,30.8,0.103688233841
83.5,30.95,0.0706441020151
83.65,26,0.102014604904
83.65,26.15,0.117416730142
83.65,26.3,0.148073912079
83.65,26.45,0.159271448158
83.65,26.6,0.174878894971
83.65,26.75,0.190761228636
83.65,26.9,0.210471949273
83.65,27.05,0.229382011515
83.65,27.2,0.269999791749
83.65,27.35,0.326688422609
83.65,27.5,0.458653489929
83.65,27.65,0.532329281749
83.65,27.8,0.526437202752
83.65,27.95,0.558679229158
83.65,28.1,0.523828547479
83.65,28.25,0.510173952264
83.65,28.4,0.523443646559
83.65,28.55,0.493135189363
83.65,28.7,0.392247875679
83.65,28.85,0.335547565191
83.65,29,0.307726637946
83.65,29.15,0.288836876287
83.65,29.3,0.276441096764
83.65,29.45,0.24085019657
83.65,29.6,0.308192311195
83.65,29.75,0.298136298294
83.65,29.9,0.208876796229
83.65,30.05,0.14334642601
83.65,30.2,0.134328465113
83.65,30.35,0.107588896842
83.65,30.5,0.0875649744527
83.65,30.65,0.0824486676114
83.65,30.8,0.0788377437971
83.65,30.95,0.0803456070865
83.8,26,0.10401357739
83.8,26.15,0.121784981622
83.8,26.3,0.149557829263
83.8,26.45,0.165420134846
83.8,26.6,0.179804078409
83.8,26.75,0.196508829677
83.8,26.9,0.215997433122
83.8,27.05,0.242977077452
83.8,27.2,0.282913339394
83.8,27.35,0.346811627759
83.8,27.5,0.559222243844
83.8,27.65,0.537124348805
83.8,27.8,0.548068326052
83.8,27.95,0.529297170435
83.8,28.1,0.526480542414
83.8,28.25,0.582535486038
83.8,28.4,0.519647196059
83.8,28.55,0.47239583759
83.8,28.7,0.381271095791
83.8,28.85,0.413298003104
83.8,29,0.327197491348
83.8,29.15,0.319634499997
83.8,29.3,0.312842165619
83.8,29.45,0.308463237305
83.8,29.6,0.33205279964
83.8,29.75,0.306236216158
83.8,29.9,0.205911947721
83.8,30.05,0.161347425769
83.8,30.2,0.140638066492
83.8,30.35,0.101486522369
83.8,30.5,0.0845737180065
83.8,30.65,0.123282961165
83.8,30.8,0.0943266121918
83.8,30.95,0.0767557308267
83.95,26,0.105471604618
83.95,26.15,0.12394437033
83.95,26.3,0.148902532408
83.95,26.45,0.166968963611
83.95,26.6,0.181813804224
83.95,26.75,0.201293753479
83.95,26.9,0.216897375013
83.95,27.05,0.252137248415
83.95,27.2,0.298907851381
83.95,27.35,0.38361158692
83.95,27.5,0.612009286783
83.95,27.65,0.630471338227
83.95,27.8,0.540943799526
83.95,27.95,0.534979207685
83.95,28.1,0.51719604738
83.95,28.25,0.585639728694
83.95,28.4,0.480152784382
83.95,28.55,0.416051677437
83.95,28.7,0.376262358036
83.95,28.85,0.361736426595
83.95,29,0.354213592848
83.95,29.15,0.336309990712
83.95,29.3,0.403976334104
83.95,29.45,0.419625803495
83.95,29.6,0.424857237634
83.95,29.75,0.388341329651
83.95,29.9,0.29497902193
83.95,30.05,0.226602755105
83.95,30.2,0.106492068359
83.95,30.35,0.101381652462
83.95,30.5,0.105540910785
83.95,30.65,0.0842697838407
83.95,30.8,0.076165170217
83.95,30.95,0.0725544692101
84.1,26,0.105380725884
84.1,26.15,0.130227015093
84.1,26.3,0.154538826555
84.1,26.45,0.169393123015
84.1,26.6,0.182438410135
84.1,26.75,0.20083003155
84.1,26.9,0.226950973709
84.1,27.05,0.260608942979
84.1,27.2,0.30392415943
84.1,27.35,0.423367104043
84.1,27.5,0.60028410745
84.1,27.65,0.647118298061
84.1,27.8,0.561709831623
84.1,27.95,0.60576515355
84.1,28.1,0.594595417189
84.1,28.25,0.506934314098
84.1,28.4,0.456499880116
84.1,28.55,0.3332195048
84.1,28.7,0.277180582193
84.1,28.85,0.247943566628
84.1,29,0.256431454902
84.1,29.15,0.297133887529
84.1,29.3,0.352761130194
84.1,29.45,0.339249002056
84.1,29.6,0.40394285662
84.1,29.75,0.290246077599
84.1,29.9,0.199006327778
84.1,30.05,0.190536750524
84.1,30.2,0.103524446762
84.1,30.35,0.119420310316
84.1,30.5,0.0879177649913
84.1,30.65,0.0828373374749
84.1,30.8,0.0754267957494
84.1,30.95,0.102969042206
84.25,26,0.107139022164
84.25,26.15,0.131488480766
84.25,26.3,0.155499081162
84.25,26.45,0.173267815486
84.25,26.6,0.189684065207
84.25,26.75,0.208701526674
84.25,26.9,0.232971704279
84.25,27.05,0.266508443721
84.25,27.2,0.320663581718
84.25,27.35,0.433155506176
84.25,27.5,0.631055865401
84.25,27.65,0.628124631405
84.25,27.8,0.531024497579
84.25,27.95,0.527057635325
84.25,28.1,0.600974564457
84.25,28.25,0.514553457125
84.25,28.4,0.427261528199
84.25,28.55,0.298416031935
84.25,28.7,0.229954687596
84.25,28.85,0.200029833473
84.25,29,0.258369497244
84.25,29.15,0.281896042457
84.25,29.3,0.323041268904
84.25,29.45,0.252138517778
84.25,29.6,0.282004278078
84.25,29.75,0.291355644233
84.25,29.9,0.153432038604
84.25,30.05,0.134499229024
84.25,30.2,0.111258234962
84.25,30.35,0.101099936144
84.25,30.5,0.0876889456892
84.25,30.65,0.0823934972067
84.25,30.8,0.0776834855119
84.25,30.95,0.0694202246033
84.4,26,0.107314683282
84.4,26.15,0.133991455599
84.4,26.3,0.15807841124
84.4,26.45,0.1750000912
84.4,26.6,0.193523166142
84.4,26.75,0.213442845929
84.4,26.9,0.23267520792
84.4,27.05,0.271157791582
84.4,27.2,0.334287787863
84.4,27.35,0.502505807512
84.4,27.5,0.545921096118
84.4,27.65,0.625670418008
84.4,27.8,0.541637469929
84.4,27.95,0.526462721456
84.4,28.1,0.501402662574
84.4,28.25,0.499000175214
84.4,28.4,0.393890297129
84.4,28.55,0.266627421944
84.4,28.7,0.215336199409
84.4,28.85,0.189774981596
84.4,29,0.1686471044
84.4,29.15,0.164186130567
84.4,29.3,0.200818975085
84.4,29.45,0.162109792089
84.4,29.6,0.15074315894
84.4,29.75,0.144171995833
84.4,29.9,0.127932471984
84.4,30.05,0.132575175601
84.4,30.2,0.0988375225403
84.4,30.35,0.0875973480417
84.4,30.5,0.104126620447
84.4,30.65,0.106527369913
84.4,30.8,0.103198268018
84.4,30.95,0.068004905033
84.55,26,0.108739330053
84.55,26.15,0.131939829649
84.55,26.3,0.161655289392
84.55,26.45,0.179861999603
84.55,26.6,0.195401013866
84.55,26.75,0.217760182531
84.55,26.9,0.245389708504
84.55,27.05,0.281539240958
84.55,27.2,0.354314088143
84.55,27.35,0.563481805216
84.55,27.5,0.607840825495
84.55,27.65,0.648980136545
84.55,27.8,0.529437645481
84.55,27.95,0.607504249633
84.55,28.1,0.501175884804
84.55,28.25,0.469803143264
84.55,28.4,0.362340472249
84.55,28.55,0.253253198406
84.55,28.7,0.208142490807
84.55,28.85,0.176485795363
84.55,29,0.183347146729
84.55,29.15,0.146339404144
84.55,29.3,0.135195052938
84.55,29.45,0.128280621973
84.55,29.6,0.148686929375
84.55,29.75,0.111453036489
84.55,29.9,0.10933636009
84.55,30.05,0.10338988651
84.55,30.2,0.0883279820534
84.55,30.35,0.0865555664739
84.55,30.5,0.0958963202694
84.55,30.65,0.0790889332515
84.55,30.8,0.0725598886625
84.55,30.95,0.085572798352
84.7,26,0.114781239488
84.7,26.15,0.135014965769
84.7,26.3,0.162531491798
84.7,26.45,0.182667316874
84.7,26.6,0.195677082476
84.7,26.75,0.223020147634
84.7,26.9,0.246418256189
84.7,27.05,0.29872076602
84.7,27.2,0.38023456185
84.7,27.35,0.609630161016
84.7,27.5,0.620356243482
84.7,27.65,0.645513935348
84.7,27.8,0.526784918142
84.7,27.95,0.520986346782
84.7,28.1,0.574409384967
84.7,28.25,0.45927313843
84.7,28.4,0.330362969968
84.7,28.55,0.241657791883
84.7,28.7,0.223764694747
84.7,28.85,0.171031887477
84.7,29,0.158571397611
84.7,29.15,0.178483307529
84.7,29.3,0.150202119039
84.7,29.45,0.11967063297
84.7,29.6,0.123727963052
84.7,29.75,0.105886078027
84.7,29.9,0.11288677488
84.7,30.05,0.0939135145554
84.7,30.2,0.0860893922398
84.7,30.35,0.0885078002581
84.7,30.5,0.0788584279827
84.7,30.65,0.0909918281228
84.7,30.8,0.070772292651
84.7,30.95,0.0630329384258
84.85,26,0.117513793838
84.85,26.15,0.142347923976
84.85,26.3,0.1658703657
84.85,26.45,0.186499774437
84.85,26.6,0.204962354818
84.85,26.75,0.228851335757
84.85,26.9,0.260809778834
84.85,27.05,0.306036212262
84.85,27.2,0.418133074382
84.85,27.35,0.610508954261
84.85,27.5,0.620823250363
84.85,27.65,0.544472964758
84.85,27.8,0.596349735123
84.85,27.95,0.586998479147
84.85,28.1,0.497018848076
84.85,28.25,0.445282053612
84.85,28.4,0.304025937388
84.85,28.55,0.23091696359
84.85,28.7,0.192743198589
84.85,28.85,0.175726955523
84.85,29,0.176179290332
84.85,29.15,0.135082358109
84.85,29.3,0.123145540396
84.85,29.45,0.128910590561
84.85,29.6,0.10774776368
84.85,29.75,0.101978302145
84.85,29.9,0.0973809983942
84.85,30.05,0.0889072577617
84.85,30.2,0.0891311356824
84.85,30.35,0.0871431402231
84.85,30.5,0.0957710064113
84.85,30.65,0.0746556761976
84.85,30.8,0.0931856315437
84.85,30.95,0.0624750759478
85,26,0.120044241726
85,26.15,0.144725889872
85,26.3,0.164615271451
85,26.45,0.190386434388
85,26.6,0.210921872521
85,26.75,0.234476494539
85,26.9,0.269314215286
85,27.05,0.320037098734
85,27.2,0.478978221974
85,27.35,0.536332286545
85,27.5,0.556444045029
85,27.65,0.533016120586
85,27.8,0.538456410134
85,27.95,0.502572083021
85,28.1,0.491828882885
85,28.25,0.426282494462
85,28.4,0.284800957714
85,28.55,0.222626639172
85,28.7,0.192028179648
85,28.85,0.163976148244
85,29,0.16926513623
85,29.15,0.158860767634
85,29.3,0.128700698471
85,29.45,0.158514383351
85,29.6,0.106864849628
85,29.75,0.0987675000294
85,29.9,0.0929188358307
85,30.05,0.0947855419434
85,30.2,0.0871804083168
85,30.35,0.0806061130747
85,30.5,0.0866152279723
85,30.65,0.0792580713304
85,30.8,0.107592463578
85,30.95,0.0597683575837
85.15,26,0.121237283113
85.15,26.15,0.147189285429
85.15,26.3,0.174323367631
85.15,26.45,0.194933065368
85.15,26.6,0.216382428038
85.15,26.75,0.235895360974
85.15,26.9,0.275647556333
85.15,27.05,0.341250200103
85.15,27.2,0.559362565458
85.15,27.35,0.592194769206
85.15,27.5,0.527972267227
85.15,27.65,0.617778998231
85.15,27.8,0.516224886576
85.15,27.95,0.501464099359
85.15,28.1,0.482018413515
85.15,28.25,0.400171105531
85.15,28.4,0.268787913078
85.15,28.55,0.21799447871
85.15,28.7,0.194276341084
85.15,28.85,0.190026452524
85.15,29,0.182238736272
85.15,29.15,0.164782315579
85.15,29.3,0.131630762968
85.15,29.45,0.13631972969
85.15,29.6,0.12723949338
85.15,29.75,0.0994542679629
85.15,29.9,0.104875530568
85.15,30.05,0.108607357379
85.15,30.2,0.0845778175936
85.15,30.35,0.112731663422
85.15,30.5,0.10769293935
85.15,30.65,0.0741043157016
85.15,30.8,0.111471959651
85.15,30.95,0.0585304276315
85.3,26,0.125174438774
85.3,26.15,0.148535909199
85.3,26.3,0.178625237648
85.3,26.45,0.198443463372
85.3,26.6,0.220320682362
85.3,26.75,0.251573570526
85.3,26.9,0.293846936635
85.3,27.05,0.369023840075
85.3,27.2,0.487849233854
85.3,27.35,0.623453314937
85.3,27.5,0.530425505696
85.3,27.65,0.642996855413
85.3,27.8,0.528815074496
85.3,27.95,0.499433578191
85.3,28.1,0.470658590048
85.3,28.25,0.359339775192
85.3,28.4,0.26776839652
85.3,28.55,0.241831022104
85.3,28.7,0.233557366911
85.3,28.85,0.244133041397
85.3,29,0.199856726687
85.3,29.15,0.189977584414
85.3,29.3,0.237507103289
85.3,29.45,0.130984641887
85.3,29.6,0.128009060231
85.3,29.75,0.113518081092
85.3,29.9,0.0937858553141
85.3,30.05,0.0914733814218
85.3,30.2,0.0836043122953
85.3,30.35,0.0853403171141
85.3,30.5,0.0858541894222
85.3,30.65,0.0996010248909
85.3,30.8,0.0807825821799
85.3,30.95,0.0939721482555
85.45,26,0.131940001269
85.45,26.15,0.147964560409
85.45,26.3,0.182602035114
85.45,26.45,0.204895507976
85.45,26.6,0.227888153927
85.45,26.75,0.260771711403
85.45,26.9,0.309760063889
85.45,27.05,0.407837071048
85.45,27.2,0.582392976971
85.45,27.35,0.55129804486
85.45,27.5,0.528251991596
85.45,27.65,0.521083497177
85.45,27.8,0.510843129387
85.45,27.95,0.500049948609
85.45,28.1,0.456454011056
85.45,28.25,0.324418246931
85.45,28.4,0.323982827408
85.45,28.55,0.393498428994
85.45,28.7,0.354878485409
85.45,28.85,0.360950240409
85.45,29,0.340254123463
85.45,29.15,0.347617368888
85.45,29.3,0.254806388438
85.45,29.45,0.158255423584
85.45,29.6,0.147191452082
85.45,29.75,0.109384834136
85.45,29.9,0.0986705932349
85.45,30.05,0.0966059448743
85.45,30.2,0.0991652126213
85.45,30.35,0.0820276312826
85.45,30.5,0.096926335735
85.45,30.65,0.0748736814844
85.45,30.8,0.0772341649083
85.45,30.95,0.103606430174
85.6,26,0.133155965223
85.6,26.15,0.160751817355
85.6,26.3,0.189105223437
85.6,26.45,0.210121095777
85.6,26.6,0.230462851353
85.6,26.75,0.272357572214
85.6,26.9,0.31888896631
85.6,27.05,0.467721138293
85.6,27.2,0.606070865277
85.6,27.35,0.533896554494
85.6,27.5,0.532516119476
85.6,27.65,0.628985178654
85.6,27.8,0.498850714411
85.6,27.95,0.493388751701
85.6,28.1,0.437234336003
85.6,28.25,0.351888183862
85.6,28.4,0.372280381348
85.6,28.55,0.349644143945
85.6,28.7,0.447973751686
85.6,28.85,0.436427018757
85.6,29,0.358004257309
85.6,29.15,0.325187903066
85.6,29.3,0.305118271798
85.6,29.45,0.309274319713
85.6,29.6,0.170473898352
85.6,29.75,0.126844097475
85.6,29.9,0.110926654224
85.6,30.05,0.110650776525
85.6,30.2,0.0880405710314
85.6,30.35,0.0879079769037
85.6,30.5,0.119356145156
85.6,30.65,0.0749239522696
85.6,30.8,0.0780420676712
85.6,30.95,0.104162507882
85.75,26,0.137789851064
85.75,26.15,0.16683399635
85.75,26.3,0.192808452657
85.75,26.45,0.218359451715
85.75,26.6,0.24692708146
85.75,26.75,0.281054031616
85.75,26.9,0.347366904157
85.75,27.05,0.571109521425
85.75,27.2,0.618621558796
85.75,27.35,0.61826323937
85.75,27.5,0.535251074723
85.75,27.65,0.510160994553
85.75,27.8,0.500594800577
85.75,27.95,0.484998632422
85.75,28.1,0.408987489103
85.75,28.25,0.353686176151
85.75,28.4,0.391843603747
85.75,28.55,0.429731135172
85.75,28.7,0.390326866095
85.75,28.85,0.345797111921
85.75,29,0.347046835289
85.75,29.15,0.340353802233
85.75,29.3,0.340316460166
85.75,29.45,0.397740600986
85.75,29.6,0.197301763951
85.75,29.75,0.144281310825
85.75,29.9,0.113900347265
85.75,30.05,0.0908745659756
85.75,30.2,0.0962579022031
85.75,30.35,0.0815318552652
85.75,30.5,0.123504829797
85.75,30.65,0.0737976439042
85.75,30.8,0.0693525514651
85.75,30.95,0.104380557207
85.9,26,0.144546476944
85.9,26.15,0.170627182015
85.9,26.3,0.200621607451
85.9,26.45,0.222171620667
85.9,26.6,0.25429465613
85.9,26.75,0.307306019598
85.9,26.9,0.395352912981
85.9,27.05,0.600375659079
85.9,27.2,0.640516775666
85.9,27.35,0.531111254837
85.9,27.5,0.520694953531
85.9,27.65,0.506862437449
85.9,27.8,0.500333494667
85.9,27.95,0.479412203615
85.9,28.1,0.362254547367
85.9,28.25,0.273446363147
85.9,28.4,0.322522537841
85.9,28.55,0.378734577995
85.9,28.7,0.431902341571
85.9,28.85,0.266291120412
85.9,29,0.347137755966
85.9,29.15,0.353058643632
85.9,29.3,0.383018237113
85.9,29.45,0.335547098157
85.9,29.6,0.154621201546
85.9,29.75,0.110445515168
85.9,29.9,0.103696120121
85.9,30.05,0.11019512514
85.9,30.2,0.111838297755
85.9,30.35,0.0821712379607
85.9,30.5,0.0966516900742
85.9,30.65,0.0774367919137
85.9,30.8,0.0709307007273
85.9,30.95,0.0954161260542
86.05,26,0.149439958922
86.05,26.15,0.178195580336
86.05,26.3,0.208750762882
86.05,26.45,0.235971210466
86.05,26.6,0.274415615285
86.05,26.75,0.324660175312
86.05,26.9,0.472549592375
86.05,27.05,0.595977643719
86.05,27.2,0.518734792511
86.05,27.35,0.52214939265
86.05,27.5,0.515520160629
86.05,27.65,0.503588059785
86.05,27.8,0.527053415804
86.05,27.95,0.45497631373
86.05,28.1,0.318095469232
86.05,28.25,0.289504172918
86.05,28.4,0.32511442837
86.05,28.55,0.361964947741
86.05,28.7,0.317632120315
86.05,28.85,0.225109212579
86.05,29,0.223696751617
86.05,29.15,0.269666813793
86.05,29.3,0.218956404304
86.05,29.45,0.215457079447
86.05,29.6,0.140032713423
86.05,29.75,0.116774969165
86.05,29.9,0.107147021798
86.05,30.05,0.116261817807
86.05,30.2,0.0841616962789
86.05,30.35,0.0800222724483
86.05,30.5,0.0772433127536
86.05,30.65,0.0743145171787
86.05,30.8,0.0797831388687
86.05,30.95,0.0898733993182
86.2,26,0.156955124494
86.2,26.15,0.179390257964
86.2,26.3,0.216783671317
86.2,26.45,0.247991564809
86.2,26.6,0.287349172559
86.2,26.75,0.358659721485
86.2,26.9,0.562997950045
86.2,27.05,0.59703061239
86.2,27.2,0.519370796396
86.2,27.35,0.538866937472
86.2,27.5,0.519845918822
86.2,27.65,0.513949759075
86.2,27.8,0.505862662676
86.2,27.95,0.436120545534
86.2,28.1,0.295653009462
86.2,28.25,0.38560096792
86.2,28.4,0.327967953586
86.2,28.55,0.36472503954
86.2,28.7,0.320884179377
86.2,28.85,0.284606332363
86.2,29,0.268699913899
86.2,29.15,0.243675387515
86.2,29.3,0.225635204772
86.2,29.45,0.238610579033
86.2,29.6,0.160053620582
86.2,29.75,0.113442968503
86.2,29.9,0.102391588722
86.2,30.05,0.102387818853
86.2,30.2,0.0892578711109
86.2,30.35,0.0820990153422
86.2,30.5,0.0793836379571
86.2,30.65,0.131102582672
86.2,30.8,0.0762040540165
86.2,30.95,0.0821150354235
86.35,26,0.160821875002
86.35,26.15,0.191304633158
86.35,26.3,0.225482665631
86.35,26.45,0.260206479722
86.35,26.6,0.30651954187
86.35,26.75,0.414092323541
86.35,26.9,0.532459459419
86.35,27.05,0.524765380461
86.35,27.2,0.522779284805
86.35,27.35,0.515496469752
86.35,27.5,0.510792887947
86.35,27.65,0.536763892645
86.35,27.8,0.458779675121
86.35,27.95,0.314074953281
86.35,28.1,0.300638707021
86.35,28.25,0.418051892612
86.35,28.4,0.396756592596
86.35,28.55,0.37835691244
86.35,28.7,0.411641457834
86.35,28.85,0.439181611795
86.35,29,0.438271399985
86.35,29.15,0.322309453943
86.35,29.3,0.305792904316
86.35,29.45,0.205300123671
86.35,29.6,0.145959658587
86.35,29.75,0.123935963022
86.35,29.9,0.096835399221
86.35,30.05,0.101920479085
86.35,30.2,0.08530429672
86.35,30.35,0.0854037091774
86.35,30.5,0.0762770983211
86.35,30.65,0.0769852891501
86.35,30.8,0.0767252181243
86.35,30.95,0.0614940925675
86.5,26,0.164795062312
86.5,26.15,0.200135885463
86.5,26.3,0.234556555973
86.5,26.45,0.268639363391
86.5,26.6,0.331669961244
86.5,26.75,0.510670651838
86.5,26.9,0.512202245327
86.5,27.05,0.525495688458
86.5,27.2,0.522909420586
86.5,27.35,0.512667508202
86.5,27.5,0.523394829348
86.5,27.65,0.495011215213
86.5,27.8,0.372382559033
86.5,27.95,0.303163754008
86.5,28.1,0.439225426591
86.5,28.25,0.413694408644
86.5,28.4,0.400296866607
86.5,28.55,0.523089830668
86.5,28.7,0.412938261762
86.5,28.85,0.479378722912
86.5,29,0.415194228715
86.5,29.15,0.335859815292
86.5,29.3,0.316371573149
86.5,29.45,0.272405913517
86.5,29.6,0.141276203853
86.5,29.75,0.110917060236
86.5,29.9,0.108646785481
86.5,30.05,0.116697862951
86.5,30.2,0.0948922620737
86.5,30.35,0.103492112728
86.5,30.5,0.0760033013764
86.5,30.65,0.0753576649353
86.5,30.8,0.115112361034
86.5,30.95,0.105535091859
86.65,26,0.173224016828
86.65,26.15,0.207432167913
86.65,26.3,0.244176184758
86.65,26.45,0.284183828115
86.65,26.6,0.36523339629
86.65,26.75,0.608747117692
86.65,26.9,0.550053200157
86.65,27.05,0.527076775563
86.65,27.2,0.521660465662
86.65,27.35,0.511661184762
86.65,27.5,0.592599109941
86.65,27.65,0.423568335237
86.65,27.8,0.293271060619
86.65,27.95,0.304081766581
86.65,28.1,0.395157424294
86.65,28.25,0.374928454104
86.65,28.4,0.440823623781
86.65,28.55,0.50123984261
86.65,28.7,0.433903253176
86.65,28.85,0.448386392069
86.65,29,0.45229597215
86.65,29.15,0.300883915334
86.65,29.3,0.225974428742
86.65,29.45,0.226813070658
86.65,29.6,0.120007110525
86.65,29.75,0.105111145985
86.65,29.9,0.113105815947
86.65,30.05,0.0891701715299
86.65,30.2,0.0907171121359
86.65,30.35,0.0830793739295
86.65,30.5,0.0759896389148
86.65,30.65,0.102609782286
86.65,30.8,0.0937849406229
86.65,30.95,0.0796313837712
86.8,26,0.185310546904
86.8,26.15,0.216760823551
86.8,26.3,0.251030533875
86.8,26.45,0.298688800746
86.8,26.6,0.398238922401
86.8,26.75,0.6072170268
86.8,26.9,0.536351256026
86.8,27.05,0.546205949453
86.8,27.2,0.533382378372
86.8,27.35,0.594164055361
86.8,27.5,0.564348848729
86.8,27.65,0.427386108479
86.8,27.8,0.296827693179
86.8,27.95,0.302825055423
86.8,28.1,0.362174780181
86.8,28.25,0.352694015524
86.8,28.4,0.376778495002
86.8,28.55,0.341165123722
86.8,28.7,0.350149492432
86.8,28.85,0.336900390474
86.8,29,0.349432986443
86.8,29.15,0.25550130921
86.8,29.3,0.200056364707
86.8,29.45,0.134032628449
86.8,29.6,0.112956135619
86.8,29.75,0.120990000329
86.8,29.9,0.108528939403
86.8,30.05,0.0913130459663
86.8,30.2,0.0842222305334
86.8,30.35,0.0965951641803
86.8,30.5,0.0853481000593
86.8,30.65,0.0733648577852
86.8,30.8,0.0677463119807
86.8,30.95,0.0708759412219
86.95,26,0.188841779451
86.95,26.15,0.21882501515
86.95,26.3,0.252127374554
86.95,26.45,0.294725613081
86.95,26.6,0.378235360752
86.95,26.75,0.609357406767
86.95,26.9,0.524755973912
86.95,27.05,0.53149138168
86.95,27.2,0.537394256409
86.95,27.35,0.503889013306
86.95,27.5,0.4884068001
86.95,27.65,0.444683708738
86.95,27.8,0.327671811981
86.95,27.95,0.354997044785
86.95,28.1,0.367621050937
86.95,28.25,0.332867197001
86.95,28.4,0.390728478445
86.95,28.55,0.330452254765
86.95,28.7,0.353642910352
86.95,28.85,0.357320905446
86.95,29,0.227666297588
86.95,29.15,0.161168359062
86.95,29.3,0.145959537945
86.95,29.45,0.118336694576
86.95,29.6,0.129508317642
86.95,29.75,0.109075832713
86.95,29.9,0.0929510783517
86.95,30.05,0.0995611297058
86.95,30.2,0.0918981721173
86.95,30.35,0.0963916402174
86.95,30.5,0.078174967444
86.95,30.65,0.0761232637737
86.95,30.8,0.0848948389099
86.95,30.95,0.0892238875413
87.1,26,0.191889609442
87.1,26.15,0.22271632736
87.1,26.3,0.24404357837
87.1,26.45,0.294191063282
87.1,26.6,0.363037277203
87.1,26.75,0.561461660691
87.1,26.9,0.520766529568
87.1,27.05,0.565964874439
87.1,27.2,0.52609640109
87.1,27.35,0.51058236755
87.1,27.5,0.504408839912
87.1,27.65,0.47093166945
87.1,27.8,0.426158059333
87.1,27.95,0.386138175994
87.1,28.1,0.340423286951
87.1,28.25,0.365413996601
87.1,28.4,0.294207251416
87.1,28.55,0.338666117911
87.1,28.7,0.373219789806
87.1,28.85,0.323084740978
87.1,29,0.168521853879
87.1,29.15,0.136731669133
87.1,29.3,0.127700673561
87.1,29.45,0.111414150014
87.1,29.6,0.104269339149
87.1,29.75,0.0973747818655
87.1,29.9,0.108855696734
87.1,30.05,0.105003091777
87.1,30.2,0.104358823586
87.1,30.35,0.0871704423708
87.1,30.5,0.0868409851578
87.1,30.65,0.0823435832163
87.1,30.8,0.078383906031
87.1,30.95,0.0939431982291
87.25,26,0.191333628663
87.25,26.15,0.21645477336
87.25,26.3,0.249475473631
87.25,26.45,0.278567831953
87.25,26.6,0.344485848141
87.25,26.75,0.537311993106
87.25,26.9,0.512260064305
87.25,27.05,0.526928780636
87.25,27.2,0.525099582927
87.25,27.35,0.536814835046
87.25,27.5,0.506472294387
87.25,27.65,0.510851803244
87.25,27.8,0.415537401824
87.25,27.95,0.351107707714
87.25,28.1,0.364533401343
87.25,28.25,0.352663852993
87.25,28.4,0.308122487697
87.25,28.55,0.279710355613
87.25,28.7,0.26824804323
87.25,28.85,0.223190012498
87.25,29,0.149942881014
87.25,29.15,0.133465914919
87.25,29.3,0.143058520869
87.25,29.45,0.109692046163
87.25,29.6,0.104737650136
87.25,29.75,0.09630716358
87.25,29.9,0.0982140906997
87.25,30.05,0.093838615591
87.25,30.2,0.0826920764622
87.25,30.35,0.0891945493924
87.25,30.5,0.0823595435706
87.25,30.65,0.0762082478293
87.25,30.8,0.0757716542566
87.25,30.95,0.0585739817239
87.4,26,0.1991168451
87.4,26.15,0.225346735547
87.4,26.3,0.253975644713
87.4,26.45,0.285036395082
87.4,26.6,0.346794255197
87.4,26.75,0.564776488547
87.4,26.9,0.535013920621
87.4,27.05,0.520530629201
87.4,27.2,0.517131060975
87.4,27.35,0.509031093245
87.4,27.5,0.535198150108
87.4,27.65,0.494907015417
87.4,27.8,0.407754055905
87.4,27.95,0.388689671584
87.4,28.1,0.384734131346
87.4,28.25,0.379490494799
87.4,28.4,0.369322714233
87.4,28.55,0.304026119144
87.4,28.7,0.260033627164
87.4,28.85,0.219669328346
87.4,29,0.156518329337
87.4,29.15,0.1454418637
87.4,29.3,0.116562663655
87.4,29.45,0.115222049664
87.4,29.6,0.102721827379
87.4,29.75,0.0955401863156
87.4,29.9,0.0943658178427
87.4,30.05,0.0851487412412
87.4,30.2,0.0858075594437
87.4,30.35,0.0771106935182
87.4,30.5,0.113328972911
87.4,30.65,0.109464655387
87.4,30.8,0.0778015557582
87.4,30.95,0.0563360549034
87.55,26,0.20461685771
87.55,26.15,0.227638579482
87.55,26.3,0.258202592152
87.55,26.45,0.294045395912
87.55,26.6,0.355833285127
87.55,26.75,0.563487836106
87.55,26.9,0.50786146001
87.55,27.05,0.527473646409
87.55,27.2,0.543637532648
87.55,27.35,0.560626334806
87.55,27.5,0.538488854241
87.55,27.65,0.506747660426
87.55,27.8,0.4085981317
87.55,27.95,0.442608289799
87.55,28.1,0.444270145894
87.55,28.25,0.441781948462
87.55,28.4,0.376961216257
87.55,28.55,0.341219641662
87.55,28.7,0.291212505743
87.55,28.85,0.196776669186
87.55,29,0.172502110808
87.55,29.15,0.146303972613
87.55,29.3,0.122246061894
87.55,29.45,0.109325262085
87.55,29.6,0.102309754481
87.55,29.75,0.0949433558091
87.55,29.9,0.0889916353174
87.55,30.05,0.0839570192567
87.55,30.2,0.0872929628389
87.55,30.35,0.0791584853427
87.55,30.5,0.100213504839
87.55,30.65,0.120447572525
87.55,30.8,0.0661447869729
87.55,30.95,0.0852312395467
87.7,26,0.203910282969
87.7,26.15,0.233615117964
87.7,26.3,0.26039500632
87.7,26.45,0.29479701412
87.7,26.6,0.370956621284
87.7,26.75,0.596236588173
87.7,26.9,0.515165737665
87.7,27.05,0.601269028577
87.7,27.2,0.579772727534
87.7,27.35,0.537000670013
87.7,27.5,0.527864033434
87.7,27.65,0.526124842708
87.7,27.8,0.450123716343
87.7,27.95,0.468418436186
87.7,28.1,0.425645963574
87.7,28.25,0.405464924787
87.7,28.4,0.452964071324
87.7,28.55,0.497734044109
87.7,28.7,0.318691014383
87.7,28.85,0.30450465421
87.7,29,0.293389764532
87.7,29.15,0.205128856001
87.7,29.3,0.137136941101
87.7,29.45,0.114759351537
87.7,29.6,0.101098023171
87.7,29.75,0.0935101334416
87.7,29.9,0.0877968589752
87.7,30.05,0.0877323270376
87.7,30.2,0.0789202417461
87.7,30.35,0.092994360115
87.7,30.5,0.0731231173623
87.7,30.65,0.0919038266937
87.7,30.8,0.0663651419668
87.7,30.95,0.0704552667306
87.85,26,0.207522219128
87.85,26.15,0.23554022852
87.85,26.3,0.260821601479
87.85,26.45,0.305972636146
87.85,26.6,0.379146062111
87.85,26.75,0.596152515798
87.85,26.9,0.56405134408
87.85,27.05,0.563838204316
87.85,27.2,0.545858563179
87.85,27.35,0.526319317846
87.85,27.5,0.525848836621
87.85,27.65,0.494119864404
87.85,27.8,0.385931526631
87.85,27.95,0.361381290798
87.85,28.1,0.372351922939
87.85,28.25,0.417243709111
87.85,28.4,0.356325646536
87.85,28.55,0.408754023137
87.85,28.7,0.306939420805
87.85,28.85,0.288312409092
87.85,29,0.280002290515
87.85,29.15,0.256328183652
87.85,29.3,0.181582310488
87.85,29.45,0.120507964396
87.85,29.6,0.105731410716
87.85,29.75,0.0978863137763
87.85,29.9,0.0866837825746
87.85,30.05,0.0861774590684
87.85,30.2,0.0985709448579
87.85,30.35,0.0752911221598
87.85,30.5,0.0842931743301
87.85,30.65,0.0734661935465
87.85,30.8,0.0689658130863
87.85,30.95,0.0537817696772
88,26,0.207784711591
88,26.15,0.235657735909
88,26.3,0.260927574144
88,26.45,0.284403563619
88,26.6,0.379973989486
88,26.75,0.602807086458
88,26.9,0.554844664802
88,27.05,0.557855810074
88,27.2,0.562930844423
88,27.35,0.545736792948
88,27.5,0.528766962403
88,27.65,0.490885875537
88,27.8,0.383393140507
88,27.95,0.343986889947
88,28.1,0.375020755369
88,28.25,0.367749678898
88,28.4,0.353726100635
88,28.55,0.356580960398
88,28.7,0.318442627494
88,28.85,0.324767753498
88,29,0.287405947948
88,29.15,0.309319433625
88,29.3,0.208844068573
88,29.45,0.124663148292
88,29.6,0.112577179696
88,29.75,0.0943665389416
88,29.9,0.085460609516
88,30.05,0.080942757874
88,30.2,0.082148088907
88,30.35,0.0761604870718
88,30.5,0.0779601951275
88,30.65,0.0860785199527
88,30.8,0.0819425527919
88,30.95,0.0823682207894
88.15,26,0.205149902767
88.15,26.15,0.228306862576
88.15,26.3,0.263052705482
88.15,26.45,0.303851247582
88.15,26.6,0.419762626027
88.15,26.75,0.603917675516
88.15,26.9,0.630291944218
88.15,27.05,0.588122414462
88.15,27.2,0.600829594067
88.15,27.35,0.565530976828
88.15,27.5,0.533826897768
88.15,27.65,0.644092578744
88.15,27.8,0.39685994255
88.15,27.95,0.376916330841
88.15,28.1,0.426010923986
88.15,28.25,0.426834924578
88.15,28.4,0.337063426774
88.15,28.55,0.260887694654
88.15,28.7,0.321135355803
88.15,28.85,0.31382509385
88.15,29,0.304856403014
88.15,29.15,0.331068454245
88.15,29.3,0.291885300584
88.15,29.45,0.130316001275
88.15,29.6,0.0994743419622
88.15,29.75,0.0972222148691
88.15,29.9,0.084392026715
88.15,30.05,0.0909980199352
88.15,30.2,0.0853104516397
88.15,30.35,0.0863871696719
88.15,30.5,0.0903774733715
88.15,30.65,0.0679767470629
88.15,30.8,0.0771375650024
88.15,30.95,0.0554932865398
88.3,26,0.205587633021
88.3,26.15,0.236123044611
88.3,26.3,0.257087504965
88.3,26.45,0.312285170457
88.3,26.6,0.407608887342
88.3,26.75,0.581050162013
88.3,26.9,0.599141282241
88.3,27.05,0.603130451683
88.3,27.2,0.57351748463
88.3,27.35,0.542512274196
88.3,27.5,0.528102275413
88.3,27.65,0.521379980621
88.3,27.8,0.427870734434
88.3,27.95,0.366706622472
88.3,28.1,0.38709125832
88.3,28.25,0.33889756449
88.3,28.4,0.296677205974
88.3,28.55,0.203729963542
88.3,28.7,0.20169892437
88.3,28.85,0.181954183879
88.3,29,0.191477245184
88.3,29.15,0.19550930768
88.3,29.3,0.176026199781
88.3,29.45,0.136198866659
88.3,29.6,0.0961844259171
88.3,29.75,0.0936497060418
88.3,29.9,0.0897249985939
88.3,30.05,0.0828008053832
88.3,30.2,0.0863751474237
88.3,30.35,0.0914356671255
88.3,30.5,0.0735242198187
88.3,30.65,0.0761055894611
88.3,30.8,0.0735362404833
88.3,30.95,0.0658875477834
88.45,26,0.201229360774
88.45,26.15,0.228294754827
88.45,26.3,0.263812652093
88.45,26.45,0.306536032744
88.45,26.6,0.396048021524
88.45,26.75,0.525768492438
88.45,26.9,0.552711697525
88.45,27.05,0.564295542239
88.45,27.2,0.55458081758
88.45,27.35,0.538086758343
88.45,27.5,0.526752922109
88.45,27.65,0.51871884929
88.45,27.8,0.423309825927
88.45,27.95,0.33281492975
88.45,28.1,0.347267659194
88.45,28.25,0.287239712674
88.45,28.4,0.224872342377
88.45,28.55,0.176745846528
88.45,28.7,0.144575145877
88.45,28.85,0.137266842038
88.45,29,0.140448141346
88.45,29.15,0.174052445891
88.45,29.3,0.11381473164
88.45,29.45,0.102267870013
88.45,29.6,0.106621877634
88.45,29.75,0.0925778700488
88.45,29.9,0.0851163474984
88.45,30.05,0.0877784177116
88.45,30.2,0.0863472572841
88.45,30.35,0.0821226186331
88.45,30.5,0.0699060322367
88.45,30.65,0.0660217916875
88.45,30.8,0.0636550959219
88.45,30.95,0.0509950489668
88.6,26,0.205248488112
88.6,26.15,0.221971124179
88.6,26.3,0.259279335512
88.6,26.45,0.29724384262
88.6,26.6,0.403139548084
88.6,26.75,0.492565471002
88.6,26.9,0.667637281257
88.6,27.05,0.561610826575
88.6,27.2,0.576729307593
88.6,27.35,0.561722032243
88.6,27.5,0.533017208076
88.6,27.65,0.521810047002
88.6,27.8,0.390866978443
88.6,27.95,0.343927419364
88.6,28.1,0.342085193648
88.6,28.25,0.204263864987
88.6,28.4,0.211778131855
88.6,28.55,0.154656011475
88.6,28.7,0.149701184288
88.6,28.85,0.126873248114
88.6,29,0.131001644821
88.6,29.15,0.124683873717
88.6,29.3,0.140777406149
88.6,29.45,0.0998224069037
88.6,29.6,0.0912925755428
88.6,29.75,0.096554316927
88.6,29.9,0.0966574488983
88.6,30.05,0.0766375277295
88.6,30.2,0.0761007433561
88.6,30.35,0.0751500638459
88.6,30.5,0.0791334083016
88.6,30.65,0.0699763373926
88.6,30.8,0.0610743330639
88.6,30.95,0.0698346967043
88.75,26,0.210117146512
88.75,26.15,0.229079189533
88.75,26.3,0.262007528612
88.75,26.45,0.297228789254
88.75,26.6,0.407796221991
88.75,26.75,0.47993066491
88.75,26.9,0.66067878253
88.75,27.05,0.590040905487
88.75,27.2,0.606567640378
88.75,27.35,0.57245298769
88.75,27.5,0.536087991412
88.75,27.65,0.541769682533
88.75,27.8,0.4275969241
88.75,27.95,0.384549747349
88.75,28.1,0.275222158472
88.75,28.25,0.213177961974
88.75,28.4,0.159869955758
88.75,28.55,0.158867282552
88.75,28.7,0.135163045411
88.75,28.85,0.122677627502
88.75,29,0.125547306889
88.75,29.15,0.155778382591
88.75,29.3,0.0985953285983
88.75,29.45,0.0926966245849
88.75,29.6,0.093353204829
88.75,29.75,0.0811567087578
88.75,29.9,0.0771594272813
88.75,30.05,0.0860002273424
88.75,30.2,0.0740140926368
88.75,30.35,0.0657235339109
88.75,30.5,0.064723224804
88.75,30.65,0.0648133052879
88.75,30.8,0.0781076512163
88.75,30.95,0.0474304300702
88.9,26,0.202879220768
88.9,26.15,0.217154295516
88.9,26.3,0.257895307524
88.9,26.45,0.301128948457
88.9,26.6,0.399334223591
88.9,26.75,0.510797318214
88.9,26.9,0.73001754804
88.9,27.05,0.601515099733
88.9,27.2,0.571936518302
88.9,27.35,0.547892992761
88.9,27.5,0.532462302304
88.9,27.65,0.570760169289
88.9,27.8,0.488747062795
88.9,27.95,0.27647089094
88.9,28.1,0.245886201938
88.9,28.25,0.191155729349
88.9,28.4,0.167825379943
88.9,28.55,0.137191721912
88.9,28.7,0.122021672051
88.9,28.85,0.117299998916
88.9,29,0.105015427569
88.9,29.15,0.10051837302
88.9,29.3,0.105344918596
88.9,29.45,0.0854599851363
88.9,29.6,0.0805307486059
88.9,29.75,0.0833875734981
88.9,29.9,0.0725995026761
88.9,30.05,0.0707232865636
88.9,30.2,0.0643963077632
88.9,30.35,0.0700342177755
88.9,30.5,0.0621845237439
88.9,30.65,0.058793442792
88.9,30.8,0.0539586760583
88.9,30.95,0.0456996346551
