#,,,,"generated_by='OpenQuake engine 3.12.0', start_date='2022-03-18T04:41:53', checksum=3502110342"
event_id,rup_id,rlz_id,year,ses_id
0,0,7918,1,1
1,1,3956,1,1
2,1,7290,1,1
3,2,1051,1,1
4,3,5181,1,1
5,4,2939,1,1
6,5,7635,1,1
7,6,983,1,1
8,7,911,1,1
9,8,6106,1,1
10,9,5953,1,1
11,10,7798,1,1
12,11,737,1,1
13,12,3105,1,1
14,13,7985,1,1
15,14,1274,1,1
16,15,377,1,1
17,16,6030,1,1
18,17,950,1,1
19,18,7609,1,1
20,19,5660,1,1
21,20,3579,1,1
22,21,1010,1,1
23,22,7777,1,1
24,23,566,1,1
25,24,9662,1,1
26,25,4279,1,1
27,26,2737,1,1
28,27,5808,1,1
29,28,2987,1,1
30,29,2626,1,1
31,30,6304,1,1
32,31,8465,1,1
33,32,2151,1,1
34,33,9226,1,1
35,34,6402,1,1
36,35,2788,1,1
37,36,1488,1,1
38,37,8431,1,1
39,38,3749,1,1
40,39,2442,1,1
41,40,4326,1,1
42,41,8315,1,1
43,42,1990,1,1
44,43,7142,1,1
45,44,1725,1,1
46,45,5283,1,1
47,46,2980,1,1
48,47,9060,1,1
49,48,2257,1,1
50,49,4657,1,1
51,50,8150,1,1
52,51,1122,1,1
53,52,4738,1,1
54,53,840,1,1
55,54,8594,1,1
56,55,8186,1,1
57,56,9795,1,1
58,57,1073,1,1
59,58,7536,1,1
60,59,7432,1,1
61,60,1516,1,1
62,61,4941,1,1
63,62,1114,1,1
64,63,9120,1,1
65,64,3145,1,1
66,64,5582,1,1
67,65,1525,1,1
68,66,2354,1,1
69,67,4205,1,1
70,68,7547,1,1
71,69,9285,1,1
72,70,232,1,1
73,71,966,1,1
74,72,9090,1,1
75,73,9392,1,1
76,74,5851,1,1
77,75,6487,1,1
78,76,9814,1,1
79,77,7038,1,1
80,78,710,1,1
81,79,3993,1,1
82,80,8320,1,1
83,81,2453,1,1
84,82,5420,1,1
85,83,3183,1,1
86,83,6415,1,1
87,84,5521,1,1
88,85,8373,1,1
89,85,9299,1,1
90,86,9093,1,1
91,87,3945,1,1
92,88,8506,1,1
93,89,7787,1,1
94,90,4445,1,1
95,91,3910,1,1
96,92,1924,1,1
97,93,8936,1,1
98,94,2362,1,1
99,95,3273,1,1
100,96,1823,1,1
101,97,6169,1,1
102,98,1875,1,1
103,99,5946,1,1
104,100,5138,1,1
105,101,1959,1,1
106,102,2811,1,1
107,103,3250,1,1
108,104,4540,1,1
109,105,6693,1,1
110,106,1691,1,1
111,106,9461,1,1
112,107,3846,1,1
113,108,18,1,1
114,108,8617,1,1
115,109,1743,1,1
116,110,7657,1,1
117,111,5696,1,1
118,112,6251,1,1
119,113,3271,1,1
120,114,9193,1,1
121,115,133,1,1
122,116,2322,1,1
123,117,8103,1,1
124,118,8563,1,1
125,119,5830,1,1
126,120,6338,1,1
127,121,749,1,1
128,121,2041,1,1
129,122,562,1,1
130,123,207,1,1
131,124,9113,1,1
132,125,9515,1,1
133,126,558,1,1
134,127,3085,1,1
135,127,3437,1,1
136,127,6317,1,1
137,128,515,1,1
138,129,6827,1,1
139,130,6868,1,1
140,131,1845,1,1
141,132,5028,1,1
142,133,27,1,1
143,134,5056,1,1
144,135,8123,1,1
145,136,1864,1,1
146,137,5868,1,1
147,138,1088,1,1
148,139,2713,1,1
149,140,1058,1,1
150,141,1837,1,1
151,142,6864,1,1
152,143,6471,1,1
153,144,5490,1,1
154,145,6558,1,1
155,146,9015,1,1
156,147,2551,1,1
157,148,3984,1,1
158,149,9236,1,1
159,150,1396,1,1
160,151,7735,1,1
161,152,7728,1,1
162,153,4061,1,1
163,154,3554,1,1
164,155,2313,1,1
165,156,3406,1,1
166,157,983,1,1
167,158,6654,1,1
168,159,2178,1,1
169,160,2778,1,1
170,161,1120,1,1
171,162,9554,1,1
172,163,4365,1,1
173,164,1267,1,1
174,165,6046,1,1
175,166,5259,1,1
176,167,6290,1,1
177,168,3168,1,1
178,169,8802,1,1
179,170,5774,1,1
180,171,5540,1,1
181,172,8924,1,1
182,173,3788,1,1
183,174,8961,1,1
184,175,6122,1,1
185,176,9957,1,1
186,177,2919,1,1
187,178,7189,1,1
188,179,1030,1,1
189,180,4061,1,1
190,181,4835,1,1
191,182,2050,1,1
192,183,2762,1,1
193,184,2072,1,1
194,185,3410,1,1
195,186,4361,1,1
196,187,6645,1,1
197,188,4025,1,1
198,189,155,1,1
199,190,6296,1,1
200,191,6440,1,1
201,192,7447,1,1
202,193,8517,1,1
203,194,4435,1,1
204,195,6542,1,1
205,196,530,1,1
206,197,612,1,1
207,198,4504,1,1
208,199,911,1,1
209,200,47,1,1
210,201,992,1,1
211,202,8649,1,1
212,203,2902,1,1
213,204,9648,1,1
214,205,9831,1,1
215,206,1725,1,1
216,207,7925,1,1
217,208,9748,1,1
218,209,1204,1,1
219,210,8820,1,1
220,211,9886,1,1
221,212,5751,1,1
222,213,7959,1,1
223,213,8484,1,1
224,213,8835,1,1
225,214,2808,1,1
226,215,9556,1,1
227,216,8139,1,1
228,217,6980,1,1
229,218,9736,1,1
230,219,2722,1,1
231,219,7217,1,1
232,220,1034,1,1
233,221,4417,1,1
234,222,4441,1,1
235,223,1829,1,1
236,224,1210,1,1
237,224,6188,1,1
238,225,9141,1,1
239,226,3940,1,1
240,227,2980,1,1
241,228,3983,1,1
242,229,8788,1,1
243,230,270,1,1
244,231,6389,1,1
245,232,8253,1,1
246,233,5835,1,1
247,234,7086,1,1
248,235,3346,1,1
249,236,737,1,1
250,237,1017,1,1
251,238,3040,1,1
252,239,9488,1,1
253,240,2639,1,1
254,241,5492,1,1
255,242,4776,1,1
256,243,1151,1,1
257,244,4829,1,1
258,245,1265,1,1
259,246,7949,1,1
260,247,6758,1,1
261,248,3267,1,1
262,249,96,1,1
263,250,4726,1,1
264,251,899,1,1
265,252,4842,1,1
266,253,5099,1,1
267,254,8244,1,1
268,255,6685,1,1
269,256,2448,1,1
270,256,2886,1,1
271,257,5285,1,1
272,258,7241,1,1
273,258,8054,1,1
274,259,5668,1,1
275,260,8007,1,1
276,261,2953,1,1
277,262,6774,1,1
278,263,1186,1,1
279,264,1506,1,1
280,265,6599,1,1
281,266,5060,1,1
282,267,6164,1,1
283,267,8217,1,1
284,268,1449,1,1
285,268,1882,1,1
286,269,3345,1,1
287,270,2843,1,1
288,271,6962,1,1
289,272,2895,1,1
290,273,7136,1,1
291,274,5958,1,1
292,275,6919,1,1
293,276,4755,1,1
294,277,3339,1,1
295,278,2951,1,1
296,279,8797,1,1
297,280,8802,1,1
298,281,3427,1,1
299,282,5943,1,1
300,283,3775,1,1
301,284,4478,1,1
302,285,373,1,1
303,286,2509,1,1
304,287,3030,1,1
305,288,4442,1,1
306,289,8118,1,1
307,290,791,1,1
308,291,6814,1,1
309,292,7900,1,1
310,293,4633,1,1
311,294,5127,1,1
312,295,9458,1,1
313,296,1207,1,1
314,297,9616,1,1
315,298,8504,1,1
316,299,711,1,1
317,300,4280,1,1
318,301,7550,1,1
319,301,9572,1,1
320,302,2331,1,1
321,303,9260,1,1
322,304,4510,1,1
323,305,9520,1,1
324,306,7170,1,1
325,307,1091,1,1
326,308,3137,1,1
327,309,1612,1,1
328,310,286,1,1
329,311,4884,1,1
330,312,2524,1,1
331,313,8229,1,1
332,314,8854,1,1
333,315,189,1,1
334,316,209,1,1
335,317,1699,1,1
336,318,1844,1,1
337,319,5021,1,1
338,320,548,1,1
339,321,3786,1,1
340,322,5173,1,1
341,323,9343,1,1
342,324,4002,1,1
343,325,3619,1,1
344,326,218,1,1
345,326,9906,1,1
346,327,556,1,1
347,328,2475,1,1
348,329,3542,1,1
349,330,5096,1,1
350,331,8955,1,1
351,332,5288,1,1
352,333,8153,1,1
353,334,5546,1,1
354,335,9637,1,1
355,336,7008,1,1
356,337,4493,1,1
357,337,9152,1,1
358,338,498,1,1
359,339,9802,1,1
360,340,3940,1,1
361,340,8632,1,1
362,341,5661,1,1
363,342,731,1,1
364,342,1323,1,1
365,343,3243,1,1
366,344,3053,1,1
367,345,9524,1,1
368,346,3644,1,1
369,347,5771,1,1
370,348,8715,1,1
371,349,1322,1,1
372,350,8926,1,1
373,351,542,1,1
374,352,3972,1,1
375,353,378,1,1
376,354,5014,1,1
377,355,4555,1,1
378,356,146,1,1
379,357,1524,1,1
380,358,2905,1,1
381,359,1274,1,1
382,360,6750,1,1
383,361,5941,1,1
384,362,4085,1,1
385,363,513,1,1
386,364,2157,1,1
387,365,6267,1,1
388,366,5272,1,1
389,367,5754,1,1
390,368,1800,1,1
391,369,4699,1,1
392,370,5699,1,1
393,371,9680,1,1
394,372,1077,1,1
395,373,1122,1,1
396,374,8687,1,1
397,375,264,1,1
398,376,4176,1,1
399,377,6326,1,1
400,378,1853,1,1
401,379,821,1,1
402,380,6973,1,1
403,381,246,1,1
404,382,619,1,1
405,383,406,1,1
406,384,1645,1,1
407,385,1104,1,1
408,386,539,1,1
409,387,4984,1,1
410,388,1765,1,1
411,389,3505,1,1
412,390,1039,1,1
413,391,1241,1,1
414,392,9663,1,1
415,393,5859,1,1
416,394,9530,1,1
417,395,7545,1,1
418,396,6399,1,1
419,397,178,1,1
420,397,2991,1,1
421,398,9786,1,1
422,399,9542,1,1
423,400,2883,1,1
424,401,6443,1,1
425,402,2716,1,1
426,403,4015,1,1
427,404,2451,1,1
428,405,485,1,1
429,406,1245,1,1
430,407,2889,1,1
431,408,5939,1,1
432,409,6649,1,1
433,410,3290,1,1
434,411,3308,1,1
435,412,6502,1,1
436,413,4398,1,1
437,414,7245,1,1
438,415,6915,1,1
439,416,1259,1,1
440,417,4785,1,1
441,417,9652,1,1
442,418,243,1,1
443,419,8087,1,1
444,420,7055,1,1
445,421,7628,1,1
446,422,2657,1,1
447,423,6684,1,1
448,423,9321,1,1
449,424,1341,1,1
450,425,2316,1,1
451,425,3102,1,1
452,426,4751,1,1
453,427,3538,1,1
454,428,8425,1,1
455,429,1383,1,1
456,430,5449,1,1
457,431,1417,1,1
458,432,4291,1,1
459,433,863,1,1
460,434,2356,1,1
461,434,4121,1,1
462,435,2003,1,1
463,436,1864,1,1
464,437,4956,1,1
465,438,3002,1,1
466,438,4026,1,1
467,439,7826,1,1
468,440,4849,1,1
469,441,95,1,1
470,442,3483,1,1
471,443,8921,1,1
472,444,1885,1,1
473,445,4370,1,1
474,445,8101,1,1
475,446,6928,1,1
476,447,8146,1,1
477,448,5359,1,1
478,449,5098,1,1
479,450,8685,1,1
480,451,3063,1,1
481,452,8721,1,1
482,453,3973,1,1
483,454,6187,1,1
484,455,59,1,1
485,456,4849,1,1
486,457,6669,1,1
487,458,153,1,1
488,459,2035,1,1
489,460,3745,1,1
490,461,4191,1,1
491,462,4212,1,1
492,463,1267,1,1
493,464,1756,1,1
494,465,8353,1,1
495,466,7254,1,1
496,467,4391,1,1
497,468,2514,1,1
498,469,6152,1,1
499,470,6867,1,1
500,471,6064,1,1
501,472,2285,1,1
502,473,7972,1,1
503,474,1499,1,1
504,475,7045,1,1
505,476,7256,1,1
506,477,3491,1,1
507,478,433,1,1
508,479,3589,1,1
509,480,5840,1,1
510,481,3141,1,1
511,481,9991,1,1
512,482,5869,1,1
513,483,7552,1,1
514,484,4697,1,1
515,485,1459,1,1
516,486,1137,1,1
517,487,3699,1,1
518,488,5192,1,1
519,489,3553,1,1
520,490,6048,1,1
521,491,823,1,1
522,492,4002,1,1
523,493,9616,1,1
524,494,3206,1,1
525,495,8933,1,1
526,496,3322,1,1
527,497,3694,1,1
528,498,5027,1,1
529,499,4959,1,1
530,500,4795,1,1
531,501,9418,1,1
532,502,9277,1,1
533,503,4710,1,1
534,504,4297,1,1
535,505,80,1,1
536,506,2567,1,1
537,507,919,1,1
538,508,3061,1,1
539,509,5138,1,1
540,509,5697,1,1
541,510,1552,1,1
542,511,9682,1,1
543,512,9637,1,1
544,513,4723,1,1
545,514,157,1,1
546,515,3121,1,1
547,516,3785,1,1
548,516,9128,1,1
549,517,3205,1,1
550,518,431,1,1
551,519,1525,1,1
552,520,1507,1,1
553,521,1311,1,1
554,521,5987,1,1
555,522,9199,1,1
556,523,2406,1,1
557,524,9092,1,1
558,525,2022,1,1
559,526,6864,1,1
560,527,1891,1,1
561,528,4586,1,1
562,529,5362,1,1
563,530,7465,1,1
564,531,5065,1,1
565,532,4814,1,1
566,533,4691,1,1
567,534,9920,1,1
568,535,3776,1,1
569,536,5925,1,1
570,537,1536,1,1
571,538,7185,1,1
572,539,6156,1,1
573,540,5804,1,1
574,541,9661,1,1
575,542,4167,1,1
576,543,6957,1,1
577,544,5158,1,1
578,545,8332,1,1
579,546,8333,1,1
580,547,597,1,1
581,548,1141,1,1
582,548,1149,1,1
583,548,1384,1,1
584,548,7508,1,1
585,549,4214,1,1
586,550,8104,1,1
587,551,4983,1,1
588,552,3838,1,1
589,553,8375,1,1
590,554,3388,1,1
591,555,6437,1,1
592,556,5533,1,1
593,557,6653,1,1
594,558,7072,1,1
595,559,66,1,1
596,560,8601,1,1
597,561,3124,1,1
598,562,5702,1,1
599,563,2132,1,1
600,563,9196,1,1
601,564,9125,1,1
602,565,8625,1,1
603,566,7399,1,1
604,567,1488,1,1
605,568,1572,1,1
606,569,432,1,1
607,570,9588,1,1
608,571,2165,1,1
609,572,7081,1,1
610,573,3713,1,1
611,574,7078,1,1
612,575,5376,1,1
613,576,7055,1,1
614,577,2861,1,1
615,578,4104,1,1
616,579,3074,1,1
617,580,2608,1,1
618,581,7689,1,1
619,582,736,1,1
620,583,4193,1,1
621,584,1485,1,1
622,585,5574,1,1
623,586,7471,1,1
624,587,275,1,1
625,588,2313,1,1
626,588,5509,1,1
627,588,6651,1,1
628,589,8111,1,1
629,590,7076,1,1
630,590,8209,1,1
631,591,1125,1,1
632,592,6712,1,1
633,593,3546,1,1
634,594,3804,1,1
635,595,5175,1,1
636,596,2710,1,1
637,597,3573,1,1
638,598,9132,1,1
639,599,6787,1,1
640,600,1510,1,1
641,601,7631,1,1
642,602,3212,1,1
643,603,6559,1,1
644,604,6462,1,1
645,605,4929,1,1
646,606,1810,1,1
647,607,5566,1,1
648,608,6040,1,1
649,609,5136,1,1
650,610,6762,1,1
651,611,1597,1,1
652,611,9599,1,1
653,612,1882,1,1
654,613,6666,1,1
655,614,8837,1,1
656,615,6181,1,1
657,616,5033,1,1
658,617,1115,1,1
659,618,9329,1,1
660,619,1052,1,1
661,620,6136,1,1
662,621,4771,1,1
663,622,5860,1,1
664,623,5039,1,1
665,624,8938,1,1
666,625,6981,1,1
667,626,5655,1,1
668,627,1501,1,1
669,628,4241,1,1
670,629,8048,1,1
671,630,7028,1,1
672,631,0,1,1
673,632,4942,1,1
674,633,5094,1,1
675,634,2330,1,1
676,635,4777,1,1
677,636,2914,1,1
678,637,7876,1,1
679,638,231,1,1
680,639,1127,1,1
681,639,3882,1,1
682,640,4878,1,1
683,641,900,1,1
684,642,4142,1,1
685,643,1902,1,1
686,643,3463,1,1
687,644,7561,1,1
688,645,7666,1,1
689,646,8092,1,1
690,647,122,1,1
691,648,6986,1,1
692,649,2730,1,1
693,650,2319,1,1
694,651,3558,1,1
695,652,4224,1,1
696,653,1831,1,1
697,654,9441,1,1
698,655,1437,1,1
699,656,3128,1,1
700,657,8394,1,1
701,658,596,1,1
702,659,7725,1,1
703,660,5414,1,1
704,661,1432,1,1
705,662,4108,1,1
706,663,7344,1,1
707,664,4695,1,1
708,664,4966,1,1
709,665,2203,1,1
710,666,1733,1,1
711,667,3951,1,1
712,668,2040,1,1
713,669,3751,1,1
714,670,5829,1,1
715,671,863,1,1
716,672,6664,1,1
717,673,22,1,1
718,674,2363,1,1
719,675,2055,1,1
720,676,2374,1,1
721,676,3067,1,1
722,677,487,1,1
723,677,2492,1,1
724,677,9192,1,1
725,678,5193,1,1
726,679,6759,1,1
727,680,1458,1,1
728,681,4786,1,1
729,682,3591,1,1
730,683,7434,1,1
731,684,2442,1,1
732,685,1521,1,1
733,686,8681,1,1
734,687,7379,1,1
735,688,1305,1,1
736,689,6076,1,1
737,690,8604,1,1
738,691,6542,1,1
739,692,4443,1,1
740,693,1487,1,1
741,694,5112,1,1
742,695,7659,1,1
743,696,9379,1,1
744,697,9992,1,1
745,698,206,1,1
746,699,4328,1,1
747,700,4720,1,1
748,701,8448,1,1
749,702,5823,1,1
750,703,5796,1,1
751,704,6225,1,1
752,705,9033,1,1
753,706,9181,1,1
754,707,7216,1,1
755,708,7287,1,1
756,709,3529,1,1
757,710,2150,1,1
758,711,1042,1,1
759,712,9794,1,1
760,713,4174,1,1
761,714,2966,1,1
762,715,9875,1,1
763,716,4436,1,1
764,717,3298,1,1
765,718,8041,1,1
766,719,9629,1,1
767,720,9450,1,1
768,721,7106,1,1
769,722,9660,1,1
770,723,9253,1,1
771,724,8239,1,1
772,725,9027,1,1
773,726,8895,1,1
774,727,9504,1,1
775,728,2752,1,1
776,729,1013,1,1
777,730,4924,1,1
778,731,7679,1,1
779,732,7963,1,1
780,733,5118,1,1
781,734,36,1,1
782,735,3319,1,1
783,736,6871,1,1
784,737,4516,1,1
785,738,1571,1,1
786,739,51,1,1
787,740,9970,1,1
788,741,412,1,1
789,741,7923,1,1
790,742,3414,1,1
791,743,9376,1,1
792,744,5313,1,1
793,745,7072,1,1
794,746,2082,1,1
795,747,1529,1,1
796,748,9233,1,1
797,749,5301,1,1
798,750,3400,1,1
799,750,3796,1,1
800,751,9390,1,1
801,752,3019,1,1
802,753,2793,1,1
803,754,1588,1,1
804,755,598,1,1
805,756,3570,1,1
806,757,8863,1,1
807,758,9219,1,1
808,759,4623,1,1
809,760,8374,1,1
810,761,668,1,1
811,762,1232,1,1
812,763,3074,1,1
813,764,2591,1,1
814,765,2926,1,1
815,766,3083,1,1
816,767,2022,1,1
817,768,3212,1,1
818,769,2586,1,1
819,770,3609,1,1
820,771,8344,1,1
821,772,6300,1,1
822,773,7736,1,1
823,774,3474,1,1
824,775,3702,1,1
825,776,5519,1,1
826,777,1078,1,1
827,778,2071,1,1
828,779,9493,1,1
829,780,4264,1,1
830,781,9734,1,1
831,782,9514,1,1
832,783,412,1,1
833,784,7608,1,1
834,785,2461,1,1
835,786,766,1,1
836,787,5494,1,1
837,788,4548,1,1
838,789,4594,1,1
839,790,4567,1,1
840,791,5817,1,1
841,792,7572,1,1
842,793,4846,1,1
843,794,7588,1,1
844,795,9292,1,1
845,796,6199,1,1
846,797,1323,1,1
847,798,3285,1,1
848,799,694,1,1
849,800,6298,1,1
850,801,4365,1,1
851,802,7279,1,1
852,803,5344,1,1
853,804,8302,1,1
854,805,2069,1,1
855,806,7938,1,1
856,807,1512,1,1
857,808,8682,1,1
858,809,6660,1,1
859,810,204,1,1
860,811,8440,1,1
861,812,1533,1,1
862,813,6201,1,1
863,814,4562,1,1
864,815,9232,1,1
865,816,9093,1,1
866,817,785,1,1
867,818,2481,1,1
868,819,3598,1,1
869,820,7257,1,1
870,821,4895,1,1
871,822,4701,1,1
872,823,995,1,1
873,824,1886,1,1
874,825,4365,1,1
875,826,1790,1,1
876,827,612,1,1
877,827,7076,1,1
878,828,7651,1,1
879,829,8109,1,1
880,830,5690,1,1
881,831,428,1,1
882,832,374,1,1
883,833,9008,1,1
884,834,2367,1,1
885,835,3504,1,1
886,836,5562,1,1
887,837,3131,1,1
888,838,2555,1,1
889,839,2751,1,1
890,840,8976,1,1
891,841,5658,1,1
892,842,5366,1,1
893,843,1554,1,1
894,844,5392,1,1
895,845,9946,1,1
896,846,3784,1,1
897,847,9502,1,1
898,848,6261,1,1
899,849,1873,1,1
900,850,7291,1,1
901,851,4793,1,1
902,852,6952,1,1
903,853,1702,1,1
904,854,9280,1,1
905,855,6258,1,1
906,856,4010,1,1
907,857,5786,1,1
908,858,3367,1,1
909,859,3377,1,1
910,860,5907,1,1
911,861,7433,1,1
912,862,8184,1,1
913,863,6348,1,1
914,864,6806,1,1
915,865,8147,1,1
916,866,9735,1,1
917,867,7850,1,1
918,868,9851,1,1
919,869,714,1,1
920,870,6176,1,1
921,871,3295,1,1
922,872,9570,1,1
923,873,6888,1,1
924,874,6551,1,1
925,875,6401,1,1
926,876,5724,1,1
927,877,9367,1,1
928,878,8858,1,1
929,879,704,1,1
930,880,6611,1,1
931,881,1451,1,1
932,881,7772,1,1
933,882,4710,1,1
934,882,8794,1,1
935,883,5590,1,1
936,884,6150,1,1
937,885,4361,1,1
938,886,7687,1,1
939,887,5031,1,1
940,888,4330,1,1
941,889,4623,1,1
942,890,4218,1,1
943,891,4869,1,1
944,892,9532,1,1
945,893,1840,1,1
946,894,7244,1,1
947,895,7410,1,1
948,896,8604,1,1
949,897,1151,1,1
950,898,1691,1,1
951,899,313,1,1
952,900,6297,1,1
953,901,5926,1,1
954,901,7120,1,1
955,902,1277,1,1
956,903,3304,1,1
957,904,3286,1,1
958,905,9379,1,1
959,906,457,1,1
960,907,3995,1,1
961,908,5779,1,1
962,909,975,1,1
963,910,3095,1,1
964,911,3253,1,1
965,912,8565,1,1
966,913,6801,1,1
967,914,7526,1,1
968,915,4865,1,1
969,916,8194,1,1
970,917,3939,1,1
971,918,9006,1,1
972,919,7375,1,1
973,920,4579,1,1
974,921,7716,1,1
975,922,1040,1,1
976,923,7937,1,1
977,924,3884,1,1
978,925,6801,1,1
979,926,9664,1,1
980,927,3021,1,1
981,928,1468,1,1
982,929,49,1,1
983,930,4946,1,1
984,931,6925,1,1
985,932,1488,1,1
986,933,8126,1,1
987,934,4154,1,1
988,935,7859,1,1
989,936,896,1,1
990,937,3136,1,1
991,938,5572,1,1
992,939,1553,1,1
993,940,2905,1,1
994,941,8308,1,1
995,942,2494,1,1
996,943,305,1,1
997,943,2260,1,1
998,944,298,1,1
999,945,7670,1,1
1000,946,7006,1,1
1001,947,5946,1,1
1002,948,4911,1,1
1003,949,3837,1,1
1004,950,2913,1,1
1005,951,7596,1,1
1006,952,2206,1,1
1007,953,5344,1,1
1008,954,1232,1,1
1009,955,6007,1,1
1010,956,5224,1,1
1011,957,7528,1,1
1012,958,8297,1,1
1013,959,7296,1,1
1014,960,7804,1,1
1015,961,7249,1,1
1016,962,2614,1,1
1017,963,9518,1,1
1018,964,5069,1,1
1019,964,6260,1,1
1020,965,3361,1,1
1021,966,2833,1,1
1022,967,352,1,1
1023,968,2016,1,1
1024,969,8257,1,1
1025,970,8256,1,1
1026,971,1334,1,1
1027,972,3024,1,1
1028,973,3215,1,1
1029,974,9898,1,1
1030,975,9480,1,1
1031,976,474,1,1
1032,977,7688,1,1
1033,978,209,1,1
1034,979,8558,1,1
1035,980,3409,1,1
1036,981,3893,1,1
1037,982,5194,1,1
1038,983,5307,1,1
1039,984,8375,1,1
1040,985,7330,1,1
1041,986,1959,1,1
1042,987,3304,1,1
1043,988,9489,1,1
1044,989,2267,1,1
1045,990,6790,1,1
1046,991,8135,1,1
1047,992,7972,1,1
1048,993,4020,1,1
1049,994,2487,1,1
1050,995,7820,1,1
1051,996,4949,1,1
1052,997,874,1,1
1053,998,8623,1,1
1054,999,2229,1,1
1055,1000,8844,1,1
1056,1001,1321,1,1
1057,1002,3996,1,1
1058,1003,1415,1,1
1059,1004,8279,1,1
1060,1005,116,1,1
1061,1006,9095,1,1
1062,1007,2989,1,1
1063,1008,1059,1,1
1064,1009,9386,1,1
1065,1010,7170,1,1
1066,1011,5296,1,1
1067,1012,2686,1,1
1068,1013,4758,1,1
1069,1014,3447,1,1
1070,1015,5820,1,1
1071,1016,9666,1,1
1072,1017,7971,1,1
1073,1018,5528,1,1
1074,1019,5842,1,1
1075,1020,4161,1,1
1076,1021,4011,1,1
1077,1021,7197,1,1
1078,1022,9962,1,1
1079,1023,1615,1,1
1080,1024,4702,1,1
1081,1025,2227,1,1
1082,1026,8518,1,1
1083,1027,872,1,1
1084,1028,2744,1,1
1085,1029,2776,1,1
1086,1030,5325,1,1
1087,1031,5710,1,1
1088,1032,4672,1,1
1089,1033,1842,1,1
1090,1034,4929,1,1
1091,1035,7618,1,1
1092,1036,428,1,1
1093,1037,1126,1,1
1094,1038,6436,1,1
1095,1039,1332,1,1
1096,1040,5692,1,1
1097,1041,2026,1,1
1098,1042,8982,1,1
1099,1043,7907,1,1
1100,1044,5205,1,1
1101,1045,3588,1,1
1102,1046,1968,1,1
1103,1047,3983,1,1
1104,1048,1415,1,1
1105,1049,8114,1,1
1106,1050,4153,1,1
1107,1051,9791,1,1
1108,1052,2885,1,1
1109,1053,5561,1,1
1110,1054,8011,1,1
1111,1055,8852,1,1
1112,1056,8435,1,1
1113,1057,8155,1,1
1114,1058,3626,1,1
1115,1059,6114,1,1
1116,1060,8018,1,1
1117,1061,130,1,1
1118,1062,1368,1,1
1119,1063,2881,1,1
1120,1064,6087,1,1
1121,1065,7263,1,1
1122,1066,9014,1,1
1123,1067,3822,1,1
1124,1068,8484,1,1
1125,1069,7980,1,1
1126,1070,3924,1,1
1127,1071,1059,1,1
1128,1072,3782,1,1
1129,1073,6641,1,1
1130,1074,1524,1,1
1131,1075,6309,1,1
1132,1076,2276,1,1
1133,1077,9076,1,1
1134,1078,8361,1,1
1135,1079,4761,1,1
1136,1080,6101,1,1
1137,1081,2801,1,1
1138,1082,7167,1,1
1139,1083,623,1,1
1140,1084,3186,1,1
1141,1084,7687,1,1
1142,1085,5564,1,1
1143,1086,9771,1,1
1144,1087,5595,1,1
1145,1088,9855,1,1
1146,1089,6674,1,1
1147,1090,9532,1,1
1148,1091,3938,1,1
1149,1092,5067,1,1
1150,1093,8595,1,1
1151,1094,2581,1,1
1152,1095,8004,1,1
1153,1096,8081,1,1
1154,1097,4288,1,1
1155,1098,3270,1,1
1156,1099,3016,1,1
1157,1100,2146,1,1
1158,1101,7844,1,1
1159,1102,3939,1,1
1160,1103,4608,1,1
1161,1104,939,1,1
1162,1105,8401,1,1
1163,1106,1208,1,1
1164,1107,1314,1,1
1165,1107,4298,1,1
1166,1108,9670,1,1
1167,1109,9860,1,1
1168,1110,8199,1,1
1169,1111,7133,1,1
1170,1112,4986,1,1
1171,1113,2525,1,1
1172,1114,7937,1,1
1173,1115,5021,1,1
1174,1116,6539,1,1
1175,1117,6906,1,1
1176,1118,2127,1,1
1177,1119,8925,1,1
1178,1120,5050,1,1
1179,1121,9400,1,1
1180,1122,8989,1,1
1181,1123,6457,1,1
1182,1124,4677,1,1
1183,1125,5732,1,1
1184,1126,1235,1,1
1185,1127,6915,1,1
1186,1128,6840,1,1
1187,1129,3753,1,1
1188,1130,2091,1,1
1189,1131,5316,1,1
1190,1132,4925,1,1
1191,1133,9389,1,1
1192,1134,6733,1,1
1193,1135,2751,1,1
1194,1136,9118,1,1
1195,1137,1466,1,1
1196,1138,6962,1,1
1197,1139,6644,1,1
1198,1140,1274,1,1
1199,1141,3119,1,1
1200,1142,3104,1,1
1201,1143,3355,1,1
1202,1144,3273,1,1
1203,1145,3170,1,1
1204,1146,9795,1,1
1205,1147,2984,1,1
1206,1148,6027,1,1
1207,1149,4758,1,1
1208,1150,8083,1,1
1209,1151,4985,1,1
1210,1152,6611,1,1
1211,1153,1775,1,1
1212,1154,2972,1,1
1213,1155,8499,1,1
1214,1156,1618,1,1
1215,1157,5321,1,1
1216,1158,3833,1,1
1217,1159,720,1,1
1218,1160,5711,1,1
1219,1161,3081,1,1
1220,1162,2266,1,1
1221,1163,7518,1,1
1222,1164,2984,1,1
1223,1165,2542,1,1
1224,1166,2028,1,1
1225,1167,8475,1,1
1226,1168,5514,1,1
1227,1169,8109,1,1
1228,1170,4895,1,1
1229,1170,8213,1,1
1230,1170,8441,1,1
1231,1171,234,1,1
1232,1172,5632,1,1
1233,1173,4078,1,1
1234,1174,8851,1,1
1235,1175,5196,1,1
1236,1176,3063,1,1
1237,1177,7652,1,1
1238,1178,7387,1,1
1239,1179,1897,1,1
1240,1180,8631,1,1
1241,1181,9637,1,1
1242,1182,4480,1,1
1243,1183,9782,1,1
1244,1184,3364,1,1
1245,1185,2052,1,1
1246,1186,376,1,1
1247,1187,2587,1,1
1248,1188,2013,1,1
1249,1189,1256,1,1
1250,1190,8092,1,1
1251,1191,3475,1,1
1252,1192,5660,1,1
1253,1193,1123,1,1
1254,1194,8971,1,1
1255,1195,9546,1,1
1256,1196,6295,1,1
1257,1197,5713,1,1
1258,1198,838,1,1
1259,1199,5081,1,1
1260,1200,5440,1,1
1261,1201,1986,1,1
1262,1202,7494,1,1
1263,1203,4392,1,1
1264,1204,7038,1,1
1265,1205,2016,1,1
1266,1206,2809,1,1
1267,1207,8835,1,1
1268,1208,4508,1,1
1269,1209,3848,1,1
1270,1210,1272,1,1
1271,1211,3086,1,1
1272,1212,5710,1,1
1273,1213,4888,1,1
1274,1214,6016,1,1
1275,1215,9144,1,1
1276,1216,4502,1,1
1277,1216,7631,1,1
1278,1217,4270,1,1
1279,1218,2308,1,1
1280,1219,2677,1,1
1281,1220,9278,1,1
1282,1221,5724,1,1
1283,1222,2840,1,1
1284,1223,4579,1,1
1285,1224,8177,1,1
1286,1225,8776,1,1
1287,1226,581,1,1
1288,1227,1717,1,1
1289,1228,4067,1,1
1290,1229,4863,1,1
1291,1230,5732,1,1
1292,1231,4446,1,1
1293,1232,1856,1,1
1294,1233,6442,1,1
1295,1234,9237,1,1
1296,1235,385,1,1
1297,1236,1464,1,1
1298,1237,169,1,1
1299,1238,9084,1,1
1300,1239,5297,1,1
1301,1240,9316,1,1
1302,1241,3202,1,1
1303,1242,5065,1,1
1304,1243,6859,1,1
1305,1244,8095,1,1
1306,1245,8482,1,1
1307,1246,6353,1,1
1308,1247,502,1,1
1309,1248,5168,1,1
1310,1249,4330,1,1
1311,1250,9318,1,1
1312,1251,1116,1,1
1313,1252,1757,1,1
1314,1253,3691,1,1
1315,1254,4969,1,1
1316,1255,4428,1,1
1317,1256,7626,1,1
1318,1257,7595,1,1
1319,1257,9750,1,1
1320,1258,7905,1,1
1321,1259,4191,1,1
1322,1260,284,1,1
1323,1261,8406,1,1
1324,1262,9101,1,1
1325,1263,7339,1,1
1326,1264,7886,1,1
1327,1265,8969,1,1
1328,1266,6449,1,1
1329,1267,8466,1,1
1330,1268,531,1,1
1331,1269,5539,1,1
1332,1270,1900,1,1
1333,1271,3863,1,1
1334,1272,4955,1,1
1335,1273,4616,1,1
1336,1274,5111,1,1
1337,1275,8968,1,1
1338,1276,4770,1,1
1339,1277,5891,1,1
1340,1278,1187,1,1
1341,1279,5671,1,1
1342,1280,7035,1,1
1343,1281,3852,1,1
1344,1282,8102,1,1
1345,1283,4303,1,1
1346,1284,7836,1,1
1347,1285,688,1,1
1348,1286,6895,1,1
1349,1287,672,1,1
1350,1288,711,1,1
1351,1289,7014,1,1
1352,1290,6055,1,1
1353,1291,8888,1,1
1354,1292,1100,1,1
1355,1293,7412,1,1
1356,1294,5491,1,1
1357,1295,655,1,1
1358,1296,254,1,1
1359,1297,5455,1,1
1360,1298,7951,1,1
1361,1299,5156,1,1
1362,1300,1167,1,1
1363,1301,4504,1,1
1364,1302,1581,1,1
1365,1303,6976,1,1
1366,1304,7825,1,1
1367,1305,3519,1,1
1368,1306,1281,1,1
1369,1307,8237,1,1
1370,1308,8974,1,1
1371,1309,2443,1,1
1372,1310,9166,1,1
1373,1311,5829,1,1
1374,1312,1328,1,1
1375,1313,5180,1,1
1376,1314,3602,1,1
1377,1315,4507,1,1
1378,1316,1592,1,1
1379,1317,1437,1,1
1380,1318,7660,1,1
1381,1319,1337,1,1
1382,1320,4870,1,1
1383,1321,6835,1,1
1384,1322,5770,1,1
1385,1323,8193,1,1
1386,1324,2196,1,1
1387,1325,334,1,1
1388,1325,3125,1,1
1389,1326,2442,1,1
1390,1327,8999,1,1
1391,1328,6276,1,1
1392,1329,8758,1,1
1393,1330,9158,1,1
1394,1331,2523,1,1
1395,1332,1024,1,1
1396,1333,7854,1,1
1397,1334,5947,1,1
1398,1335,1027,1,1
1399,1336,123,1,1
1400,1337,7110,1,1
1401,1338,5240,1,1
1402,1339,4294,1,1
1403,1340,1936,1,1
1404,1341,7542,1,1
1405,1342,3569,1,1
1406,1342,8006,1,1
1407,1343,1290,1,1
1408,1344,9036,1,1
1409,1345,9832,1,1
1410,1346,3334,1,1
1411,1347,1236,1,1
1412,1348,1502,1,1
1413,1349,757,1,1
1414,1350,8573,1,1
1415,1351,5539,1,1
1416,1352,9787,1,1
1417,1353,4735,1,1
1418,1354,7598,1,1
1419,1355,8746,1,1
1420,1356,5266,1,1
1421,1357,3407,1,1
1422,1358,8309,1,1
1423,1359,7084,1,1
1424,1360,7785,1,1
1425,1361,1780,1,1
1426,1362,2447,1,1
1427,1363,4400,1,1
1428,1364,7037,1,1
1429,1365,1244,1,1
1430,1366,4330,1,1
1431,1367,2231,1,1
1432,1368,9467,1,1
1433,1369,1288,1,1
1434,1370,6295,1,1
1435,1371,2342,1,1
1436,1372,30,1,1
1437,1373,3129,1,1
1438,1374,5663,1,1
1439,1375,6804,1,1
1440,1376,3943,1,1
1441,1377,6339,1,1
1442,1378,7410,1,1
1443,1379,8682,1,1
1444,1380,5810,1,1
1445,1381,9733,1,1
1446,1382,4018,1,1
1447,1383,1147,1,1
1448,1383,9601,1,1
1449,1384,4619,1,1
1450,1385,5170,1,1
1451,1386,4609,1,1
1452,1387,9730,1,1
1453,1388,4008,1,1
1454,1389,4467,1,1
1455,1390,1295,1,1
1456,1391,5978,1,1
1457,1392,2655,1,1
1458,1393,8615,1,1
1459,1394,9176,1,1
1460,1395,6105,1,1
1461,1396,9251,1,1
1462,1397,5919,1,1
1463,1398,8850,1,1
1464,1399,5918,1,1
1465,1400,6872,1,1
1466,1401,419,1,1
1467,1401,6655,1,1
1468,1402,4028,1,1
1469,1403,2985,1,1
1470,1404,6970,1,1
1471,1405,4474,1,1
1472,1406,4710,1,1
1473,1407,1105,1,1
1474,1408,2860,1,1
1475,1409,5418,1,1
1476,1410,1256,1,1
1477,1411,2068,1,1
1478,1411,9121,1,1
1479,1412,2044,1,1
1480,1413,396,1,1
1481,1414,444,1,1
1482,1414,8700,1,1
1483,1415,1283,1,1
1484,1416,2557,1,1
1485,1417,1294,1,1
1486,1418,9733,1,1
1487,1419,9447,1,1
1488,1420,4936,1,1
1489,1421,4385,1,1
1490,1421,7581,1,1
1491,1422,9800,1,1
1492,1423,5156,1,1
1493,1424,8599,1,1
1494,1425,6128,1,1
1495,1426,401,1,1
1496,1427,8680,1,1
1497,1428,6360,1,1
1498,1429,7059,1,1
1499,1430,6455,1,1
1500,1431,2159,1,1
1501,1432,7227,1,1
1502,1433,2815,1,1
1503,1434,6631,1,1
1504,1435,2645,1,1
1505,1436,348,1,1
1506,1437,3447,1,1
1507,1438,4300,1,1
1508,1439,5115,1,1
1509,1440,2498,1,1
1510,1441,1219,1,1
1511,1442,8740,1,1
1512,1443,2416,1,1
1513,1444,6066,1,1
1514,1445,4484,1,1
1515,1446,4135,1,1
1516,1447,6962,1,1
1517,1448,1034,1,1
1518,1449,3871,1,1
1519,1450,5372,1,1
1520,1451,3562,1,1
1521,1452,9567,1,1
1522,1453,5657,1,1
1523,1454,4912,1,1
1524,1455,8327,1,1
1525,1456,8656,1,1
1526,1457,8614,1,1
1527,1458,6482,1,1
1528,1459,5098,1,1
1529,1460,968,1,1
1530,1461,5440,1,1
1531,1462,7260,1,1
1532,1463,8836,1,1
1533,1464,4849,1,1
1534,1465,276,1,1
1535,1466,2478,1,1
1536,1466,4979,1,1
1537,1467,9463,1,1
1538,1468,9922,1,1
1539,1469,605,1,1
1540,1470,7492,1,1
1541,1471,3857,1,1
1542,1472,6557,1,1
1543,1473,3067,1,1
1544,1473,9025,1,1
1545,1474,2816,1,1
1546,1475,1476,1,1
1547,1476,1066,1,1
1548,1477,5014,1,1
1549,1478,5510,1,1
1550,1479,467,1,1
1551,1480,2043,1,1
1552,1481,3119,1,1
1553,1482,952,1,1
1554,1483,5864,1,1
1555,1484,534,1,1
1556,1485,5472,1,1
1557,1486,887,1,1
1558,1487,9258,1,1
1559,1488,5870,1,1
1560,1489,3102,1,1
1561,1490,9712,1,1
1562,1491,959,1,1
1563,1492,6212,1,1
1564,1493,8640,1,1
1565,1494,1580,1,1
1566,1495,7724,1,1
1567,1496,4406,1,1
1568,1497,6956,1,1
1569,1498,2250,1,1
1570,1499,2548,1,1
1571,1500,6765,1,1
1572,1501,9244,1,1
1573,1502,7543,1,1
1574,1503,3018,1,1
1575,1504,4514,1,1
1576,1505,8208,1,1
1577,1506,5958,1,1
1578,1506,8765,1,1
1579,1507,4479,1,1
1580,1508,9836,1,1
1581,1509,4271,1,1
1582,1510,4329,1,1
1583,1510,6457,1,1
1584,1511,5262,1,1
1585,1512,3674,1,1
1586,1513,3020,1,1
1587,1514,6055,1,1
1588,1515,183,1,1
1589,1515,3539,1,1
1590,1516,2513,1,1
1591,1517,9755,1,1
1592,1518,7988,1,1
1593,1519,5993,1,1
1594,1520,4280,1,1
1595,1521,5660,1,1
1596,1522,9269,1,1
1597,1523,1748,1,1
1598,1524,7966,1,1
1599,1525,7262,1,1
1600,1526,1476,1,1
1601,1527,3215,1,1
1602,1528,9665,1,1
1603,1529,2891,1,1
1604,1529,4866,1,1
1605,1530,2073,1,1
1606,1531,7421,1,1
1607,1531,9271,1,1
1608,1532,5593,1,1
1609,1533,5851,1,1
1610,1534,1605,1,1
1611,1535,9568,1,1
1612,1536,718,1,1
1613,1537,171,1,1
1614,1538,2849,1,1
1615,1539,3325,1,1
1616,1540,7883,1,1
1617,1541,2820,1,1
1618,1542,9882,1,1
1619,1543,40,1,1
1620,1544,1536,1,1
1621,1545,401,1,1
1622,1546,426,1,1
1623,1547,4310,1,1
1624,1548,6296,1,1
1625,1549,9551,1,1
1626,1550,4958,1,1
1627,1551,3643,1,1
1628,1552,4395,1,1
1629,1553,5233,1,1
1630,1554,8339,1,1
1631,1555,1650,1,1
1632,1556,5154,1,1
1633,1557,2209,1,1
1634,1558,6993,1,1
1635,1559,1059,1,1
1636,1560,5049,1,1
1637,1561,6553,1,1
1638,1562,6833,1,1
1639,1563,4478,1,1
1640,1564,1622,1,1
1641,1565,4635,1,1
1642,1566,2656,1,1
1643,1567,9467,1,1
1644,1568,2082,1,1
1645,1569,6369,1,1
1646,1570,6592,1,1
1647,1571,6553,1,1
1648,1572,7694,1,1
1649,1573,4565,1,1
1650,1574,3537,1,1
1651,1575,2279,1,1
1652,1576,3955,1,1
1653,1577,1757,1,1
1654,1578,4708,1,1
1655,1579,4704,1,1
1656,1580,4625,1,1
1657,1581,37,1,1
1658,1582,2915,1,1
1659,1583,9304,1,1
1660,1584,2968,1,1
1661,1585,1016,1,1
1662,1585,5804,1,1
1663,1586,6739,1,1
1664,1587,1664,1,1
1665,1588,2868,1,1
1666,1589,1385,1,1
1667,1590,7938,1,1
1668,1591,7133,1,1
1669,1592,8649,1,1
1670,1593,9060,1,1
1671,1594,4488,1,1
1672,1595,9503,1,1
1673,1596,3018,1,1
1674,1597,7008,1,1
1675,1598,8548,1,1
1676,1599,683,1,1
1677,1600,2083,1,1
1678,1601,671,1,1
1679,1602,7682,1,1
1680,1603,2181,1,1
1681,1604,8224,1,1
1682,1605,1453,1,1
1683,1606,8178,1,1
1684,1607,7265,1,1
1685,1608,5958,1,1
1686,1609,9392,1,1
1687,1610,9438,1,1
1688,1611,2123,1,1
1689,1612,9269,1,1
1690,1613,5651,1,1
1691,1614,7269,1,1
1692,1615,6069,1,1
1693,1616,3143,1,1
1694,1617,3326,1,1
1695,1618,6740,1,1
1696,1619,9482,1,1
1697,1620,351,1,1
1698,1621,2749,1,1
1699,1622,6648,1,1
1700,1623,5576,1,1
1701,1624,9698,1,1
1702,1625,3743,1,1
1703,1626,9388,1,1
1704,1627,5184,1,1
1705,1628,9372,1,1
1706,1629,6958,1,1
1707,1630,1900,1,1
1708,1631,3661,1,1
1709,1632,8146,1,1
1710,1633,7524,1,1
1711,1634,3206,1,1
1712,1635,9505,1,1
1713,1636,7816,1,1
1714,1637,9037,1,1
1715,1638,2930,1,1
1716,1639,8560,1,1
1717,1640,7534,1,1
1718,1641,6330,1,1
1719,1642,7192,1,1
1720,1643,8538,1,1
1721,1644,1957,1,1
1722,1645,3553,1,1
1723,1646,5495,1,1
1724,1647,8945,1,1
1725,1648,5182,1,1
1726,1649,432,1,1
1727,1650,2532,1,1
1728,1651,8775,1,1
1729,1652,9032,1,1
1730,1653,9935,1,1
1731,1654,9048,1,1
1732,1655,8327,1,1
1733,1656,3804,1,1
1734,1657,3254,1,1
1735,1657,5685,1,1
1736,1658,1966,1,1
1737,1659,2227,1,1
1738,1660,5521,1,1
1739,1661,4755,1,1
1740,1662,5672,1,1
1741,1663,7920,1,1
1742,1664,9530,1,1
1743,1665,5322,1,1
1744,1666,3508,1,1
1745,1667,8409,1,1
1746,1668,4566,1,1
1747,1669,3375,1,1
1748,1670,7745,1,1
1749,1671,9342,1,1
1750,1672,7101,1,1
1751,1673,1823,1,1
1752,1674,4125,1,1
1753,1675,4273,1,1
1754,1676,7917,1,1
1755,1677,3171,1,1
1756,1678,1249,1,1
1757,1679,8536,1,1
1758,1680,9693,1,1
1759,1681,9575,1,1
1760,1682,9333,1,1
1761,1683,5673,1,1
1762,1684,4681,1,1
1763,1685,3484,1,1
1764,1686,8139,1,1
1765,1687,519,1,1
1766,1688,6664,1,1
1767,1689,8448,1,1
1768,1690,3770,1,1
1769,1691,6663,1,1
1770,1692,4362,1,1
1771,1692,9291,1,1
1772,1693,4785,1,1
1773,1694,7846,1,1
1774,1695,4109,1,1
1775,1696,1016,1,1
1776,1697,3797,1,1
1777,1698,5357,1,1
1778,1699,8645,1,1
1779,1700,4242,1,1
1780,1701,2791,1,1
1781,1702,7564,1,1
1782,1703,3727,1,1
1783,1704,3032,1,1
1784,1705,9132,1,1
1785,1706,4303,1,1
1786,1707,1967,1,1
1787,1708,6423,1,1
1788,1709,4672,1,1
1789,1710,1417,1,1
1790,1711,8247,1,1
1791,1712,6344,1,1
1792,1713,162,1,1
1793,1714,5768,1,1
1794,1715,4016,1,1
1795,1716,9180,1,1
1796,1717,5905,1,1
1797,1718,6328,1,1
1798,1719,8499,1,1
1799,1720,9090,1,1
1800,1721,6452,1,1
1801,1722,1158,1,1
1802,1723,5510,1,1
1803,1724,2170,1,1
1804,1725,5107,1,1
1805,1726,8063,1,1
1806,1727,6506,1,1
1807,1728,575,1,1
1808,1729,9567,1,1
1809,1730,789,1,1
1810,1731,1704,1,1
1811,1732,8607,1,1
1812,1733,1021,1,1
1813,1734,8504,1,1
1814,1735,1866,1,1
1815,1736,4536,1,1
1816,1737,826,1,1
1817,1738,6602,1,1
1818,1739,1831,1,1
1819,1740,6052,1,1
1820,1741,7035,1,1
1821,1742,7427,1,1
1822,1743,1027,1,1
1823,1744,1089,1,1
1824,1745,6438,1,1
1825,1746,1646,1,1
1826,1747,9073,1,1
1827,1748,2335,1,1
1828,1749,9984,1,1
1829,1750,8263,1,1
1830,1751,6303,1,1
1831,1752,381,1,1
1832,1753,7336,1,1
1833,1754,634,1,1
1834,1755,5964,1,1
1835,1756,8313,1,1
1836,1757,5109,1,1
1837,1758,4807,1,1
1838,1759,2806,1,1
1839,1760,2764,1,1
1840,1761,7966,1,1
1841,1762,2549,1,1
1842,1763,3460,1,1
1843,1764,8813,1,1
1844,1765,1245,1,1
1845,1766,5100,1,1
1846,1767,278,1,1
1847,1768,2271,1,1
1848,1769,1658,1,1
1849,1770,7157,1,1
1850,1771,8495,1,1
1851,1772,279,1,1
1852,1773,9531,1,1
1853,1774,5191,1,1
1854,1775,364,1,1
1855,1776,3942,1,1
1856,1777,3160,1,1
1857,1778,3386,1,1
1858,1779,4453,1,1
1859,1780,5942,1,1
1860,1781,9561,1,1
1861,1782,1177,1,1
1862,1783,9214,1,1
1863,1784,6124,1,1
1864,1785,1553,1,1
1865,1786,1287,1,1
1866,1787,8837,1,1
1867,1788,6067,1,1
1868,1789,8609,1,1
1869,1789,9951,1,1
1870,1790,5504,1,1
1871,1791,2412,1,1
1872,1792,3251,1,1
1873,1793,4837,1,1
1874,1794,4787,1,1
1875,1795,3105,1,1
1876,1796,9352,1,1
1877,1797,4051,1,1
1878,1798,6345,1,1
1879,1799,3559,1,1
1880,1800,598,1,1
1881,1801,4864,1,1
1882,1802,2999,1,1
1883,1803,1442,1,1
1884,1804,7394,1,1
1885,1805,452,1,1
1886,1806,2246,1,1
1887,1807,1029,1,1
1888,1808,2553,1,1
1889,1809,9874,1,1
1890,1810,9805,1,1
1891,1811,3292,1,1
1892,1812,87,1,1
1893,1813,298,1,1
1894,1814,4484,1,1
1895,1815,4868,1,1
1896,1816,5757,1,1
1897,1817,9552,1,1
1898,1818,4265,1,1
1899,1819,7760,1,1
1900,1820,6340,1,1
1901,1821,5533,1,1
1902,1822,4819,1,1
1903,1823,4639,1,1
1904,1824,2646,1,1
1905,1825,309,1,1
1906,1826,5031,1,1
1907,1827,6290,1,1
1908,1828,8215,1,1
1909,1829,5988,1,1
1910,1830,4666,1,1
1911,1831,3437,1,1
1912,1832,4226,1,1
1913,1833,1919,1,1
1914,1834,7779,1,1
1915,1835,5187,1,1
1916,1836,5791,1,1
1917,1837,5427,1,1
1918,1838,34,1,1
1919,1839,388,1,1
1920,1840,8271,1,1
1921,1841,4899,1,1
1922,1842,6474,1,1
1923,1843,7774,1,1
1924,1844,187,1,1
1925,1845,9709,1,1
1926,1846,6447,1,1
1927,1847,3400,1,1
1928,1848,8767,1,1
1929,1849,3394,1,1
1930,1849,3547,1,1
1931,1850,5262,1,1
1932,1851,485,1,1
1933,1852,7099,1,1
1934,1853,7054,1,1
1935,1854,4759,1,1
1936,1855,1392,1,1
1937,1856,7907,1,1
1938,1857,6559,1,1
1939,1858,4978,1,1
1940,1859,7489,1,1
1941,1860,4276,1,1
1942,1861,4571,1,1
1943,1862,2541,1,1
1944,1863,8025,1,1
1945,1864,9774,1,1
1946,1865,4707,1,1
1947,1866,4684,1,1
1948,1867,4757,1,1
1949,1868,1410,1,1
1950,1869,2337,1,1
1951,1870,8309,1,1
1952,1871,9999,1,1
1953,1872,236,1,1
1954,1873,1404,1,1
1955,1874,8685,1,1
1956,1875,9916,1,1
1957,1876,431,1,1
1958,1877,7243,1,1
1959,1878,6457,1,1
1960,1879,3531,1,1
1961,1880,6434,1,1
1962,1881,8836,1,1
1963,1882,9675,1,1
1964,1883,2964,1,1
1965,1884,8804,1,1
1966,1885,1240,1,1
1967,1886,4158,1,1
1968,1887,1482,1,1
1969,1888,811,1,1
1970,1889,8825,1,1
1971,1890,9689,1,1
1972,1891,247,1,1
1973,1892,5429,1,1
1974,1893,7215,1,1
1975,1894,156,1,1
1976,1895,3938,1,1
1977,1896,7158,1,1
1978,1897,139,1,1
1979,1898,1652,1,1
1980,1899,5978,1,1
1981,1900,6658,1,1
1982,1901,3375,1,1
1983,1902,1710,1,1
1984,1903,6419,1,1
1985,1904,8573,1,1
1986,1905,2885,1,1
1987,1906,2419,1,1
1988,1907,5977,1,1
1989,1908,2145,1,1
1990,1909,2936,1,1
1991,1910,4078,1,1
1992,1911,3756,1,1
1993,1912,7351,1,1
1994,1913,6048,1,1
1995,1914,5292,1,1
1996,1915,4547,1,1
1997,1916,2774,1,1
1998,1917,2312,1,1
1999,1918,4653,1,1
2000,1919,3058,1,1
2001,1920,6971,1,1
2002,1921,5460,1,1
2003,1922,4606,1,1
2004,1922,7384,1,1
2005,1923,6782,1,1
2006,1924,5802,1,1
2007,1925,790,1,1
2008,1926,8388,1,1
2009,1927,3776,1,1
2010,1928,1300,1,1
2011,1929,8137,1,1
2012,1930,6994,1,1
2013,1931,1826,1,1
2014,1932,9030,1,1
2015,1933,2601,1,1
2016,1934,2137,1,1
2017,1935,7278,1,1
2018,1936,1479,1,1
2019,1937,5048,1,1
2020,1938,6280,1,1
2021,1939,1559,1,1
2022,1940,3197,1,1
2023,1941,6914,1,1
2024,1942,1960,1,1
2025,1943,165,1,1
2026,1944,73,1,1
2027,1945,7240,1,1
2028,1946,967,1,1
2029,1947,3082,1,1
2030,1948,3987,1,1
2031,1949,4622,1,1
2032,1950,8868,1,1
2033,1951,3887,1,1
2034,1952,9220,1,1
2035,1953,643,1,1
2036,1954,178,1,1
2037,1955,4261,1,1
2038,1956,1657,1,1
2039,1957,7146,1,1
2040,1958,9725,1,1
2041,1959,7134,1,1
2042,1960,9872,1,1
2043,1961,8634,1,1
2044,1962,8785,1,1
2045,1963,6863,1,1
2046,1964,2880,1,1
2047,1965,3340,1,1
2048,1966,6638,1,1
2049,1967,512,1,1
2050,1968,6128,1,1
2051,1969,5368,1,1
2052,1970,2772,1,1
2053,1971,5019,1,1
2054,1972,2503,1,1
2055,1973,9416,1,1
2056,1974,5896,1,1
2057,1975,5072,1,1
2058,1976,6497,1,1
2059,1977,8844,1,1
2060,1978,2275,1,1
2061,1979,2704,1,1
2062,1980,2772,1,1
2063,1981,5045,1,1
2064,1982,5963,1,1
2065,1983,5286,1,1
2066,1984,886,1,1
2067,1985,1375,1,1
2068,1986,6892,1,1
2069,1987,9280,1,1
2070,1988,5116,1,1
2071,1989,8624,1,1
2072,1990,6076,1,1
2073,1991,8181,1,1
2074,1992,438,1,1
2075,1993,4247,1,1
2076,1994,6680,1,1
2077,1995,151,1,1
2078,1996,7814,1,1
2079,1997,7239,1,1
2080,1998,8608,1,1
2081,1999,5583,1,1
2082,2000,2297,1,1
2083,2001,412,1,1
2084,2002,3226,1,1
2085,2003,4350,1,1
2086,2004,7636,1,1
2087,2005,6913,1,1
2088,2006,5236,1,1
2089,2007,4569,1,1
2090,2008,5645,1,1
2091,2009,114,1,1
2092,2010,5948,1,1
2093,2011,9907,1,1
2094,2012,3587,1,1
2095,2013,6369,1,1
2096,2014,3380,1,1
2097,2015,1621,1,1
2098,2016,6554,1,1
2099,2017,1025,1,1
2100,2017,2288,1,1
2101,2018,2702,1,1
2102,2019,7539,1,1
2103,2020,8727,1,1
2104,2021,3246,1,1
2105,2022,7141,1,1
2106,2023,2886,1,1
2107,2024,98,1,1
2108,2025,4247,1,1
2109,2026,4301,1,1
2110,2027,6029,1,1
2111,2028,8209,1,1
2112,2029,884,1,1
2113,2030,3024,1,1
2114,2031,6246,1,1
2115,2032,7680,1,1
2116,2033,2315,1,1
2117,2034,3656,1,1
2118,2035,428,1,1
2119,2036,9458,1,1
2120,2037,6994,1,1
2121,2038,9160,1,1
2122,2039,6173,1,1
2123,2040,6075,1,1
2124,2041,1188,1,1
2125,2042,4892,1,1
2126,2043,1679,1,1
2127,2044,3548,1,1
2128,2045,721,1,1
2129,2046,8433,1,1
2130,2047,4536,1,1
2131,2048,6310,1,1
2132,2049,264,1,1
2133,2050,1771,1,1
2134,2051,785,1,1
2135,2052,7842,1,1
2136,2053,3872,1,1
2137,2053,3944,1,1
2138,2054,7854,1,1
2139,2055,3799,1,1
2140,2056,9331,1,1
2141,2057,7296,1,1
2142,2058,1983,1,1
2143,2059,2767,1,1
2144,2060,3076,1,1
2145,2061,2684,1,1
2146,2062,6900,1,1
2147,2063,1480,1,1
2148,2064,7349,1,1
2149,2065,345,1,1
2150,2066,2130,1,1
2151,2067,5685,1,1
2152,2068,6421,1,1
2153,2069,5753,1,1
2154,2070,25,1,1
2155,2071,6944,1,1
2156,2072,4244,1,1
2157,2073,6905,1,1
2158,2074,4719,1,1
2159,2075,8115,1,1
2160,2076,2118,1,1
2161,2077,2168,1,1
2162,2078,9593,1,1
2163,2079,3228,1,1
2164,2080,9992,1,1
2165,2081,5158,1,1
2166,2082,329,1,1
2167,2083,1542,1,1
2168,2084,7969,1,1
2169,2085,8871,1,1
2170,2086,6592,1,1
2171,2087,1801,1,1
2172,2088,2293,1,1
2173,2089,1533,1,1
2174,2090,9969,1,1
2175,2091,8190,1,1
2176,2091,8246,1,1
2177,2092,5976,1,1
2178,2093,8043,1,1
2179,2094,8608,1,1
2180,2095,1224,1,1
2181,2096,1614,1,1
2182,2097,8951,1,1
2183,2098,1641,1,1
2184,2099,6612,1,1
2185,2100,7629,1,1
2186,2101,9101,1,1
2187,2102,3126,1,1
2188,2103,6183,1,1
2189,2104,1490,1,1
2190,2105,8485,1,1
2191,2106,8435,1,1
2192,2107,5236,1,1
2193,2108,3312,1,1
2194,2108,8482,1,1
2195,2109,4891,1,1
2196,2110,9371,1,1
2197,2111,9349,1,1
2198,2112,8670,1,1
2199,2113,6030,1,1
2200,2114,8385,1,1
2201,2115,8658,1,1
2202,2116,916,1,1
2203,2117,7628,1,1
2204,2118,2803,1,1
2205,2119,7499,1,1
2206,2120,1604,1,1
2207,2121,5987,1,1
2208,2122,2025,1,1
2209,2123,4217,1,1
2210,2123,8943,1,1
2211,2124,603,1,1
2212,2124,1611,1,1
2213,2125,26,1,1
2214,2126,6297,1,1
2215,2127,8138,1,1
2216,2128,1966,1,1
2217,2129,7629,1,1
2218,2130,8562,1,1
2219,2131,1281,1,1
2220,2132,6314,1,1
2221,2133,7444,1,1
2222,2134,6395,1,1
2223,2135,751,1,1
2224,2136,4130,1,1
2225,2137,3058,1,1
2226,2138,1859,1,1
2227,2139,9870,1,1
2228,2140,5225,1,1
2229,2141,8258,1,1
2230,2142,113,1,1
2231,2143,2322,1,1
2232,2144,6713,1,1
2233,2145,5726,1,1
2234,2146,229,1,1
2235,2147,4032,1,1
2236,2148,9282,1,1
2237,2149,140,1,1
2238,2150,9082,1,1
2239,2151,7419,1,1
2240,2152,9041,1,1
2241,2153,4902,1,1
2242,2154,8788,1,1
2243,2155,507,1,1
2244,2156,6124,1,1
2245,2157,7699,1,1
2246,2158,9468,1,1
2247,2159,1918,1,1
2248,2160,5569,1,1
2249,2161,4763,1,1
2250,2162,7084,1,1
2251,2163,5035,1,1
2252,2164,4562,1,1
2253,2165,5034,1,1
2254,2166,2182,1,1
2255,2167,270,1,1
2256,2168,133,1,1
2257,2169,3368,1,1
2258,2170,2218,1,1
2259,2171,951,1,1
2260,2172,8937,1,1
2261,2173,7535,1,1
2262,2174,3942,1,1
2263,2175,7719,1,1
2264,2176,7242,1,1
2265,2177,1797,1,1
2266,2178,5151,1,1
2267,2179,6308,1,1
2268,2180,3596,1,1
2269,2181,2837,1,1
2270,2182,5430,1,1
2271,2183,8177,1,1
2272,2184,4247,1,1
2273,2185,2973,1,1
2274,2186,8565,1,1
2275,2187,4201,1,1
2276,2188,9517,1,1
2277,2189,2793,1,1
2278,2190,4388,1,1
2279,2191,1946,1,1
2280,2192,2910,1,1
2281,2193,8772,1,1
2282,2194,673,1,1
2283,2195,669,1,1
2284,2196,9787,1,1
2285,2197,2031,1,1
2286,2198,5790,1,1
2287,2199,8306,1,1
2288,2200,5009,1,1
2289,2201,3122,1,1
2290,2202,4362,1,1
2291,2203,7494,1,1
2292,2204,368,1,1
2293,2205,7476,1,1
2294,2205,8443,1,1
2295,2206,6089,1,1
2296,2207,3895,1,1
2297,2208,717,1,1
2298,2209,4430,1,1
2299,2210,3317,1,1
2300,2211,5251,1,1
2301,2212,1972,1,1
2302,2213,6690,1,1
2303,2214,8549,1,1
2304,2215,6919,1,1
2305,2216,4076,1,1
2306,2217,6240,1,1
2307,2218,4533,1,1
2308,2219,6870,1,1
2309,2220,4467,1,1
2310,2221,9188,1,1
2311,2222,1716,1,1
2312,2223,6472,1,1
2313,2224,2749,1,1
2314,2224,3637,1,1
2315,2225,4185,1,1
2316,2226,2186,1,1
2317,2227,1167,1,1
2318,2228,3800,1,1
2319,2229,6003,1,1
2320,2230,4178,1,1
2321,2231,3592,1,1
2322,2232,3157,1,1
2323,2233,8924,1,1
2324,2234,1150,1,1
2325,2235,8656,1,1
2326,2236,5828,1,1
2327,2237,6110,1,1
2328,2238,8690,1,1
2329,2239,5058,1,1
2330,2240,2500,1,1
2331,2241,2742,1,1
2332,2242,4461,1,1
2333,2243,7785,1,1
2334,2244,5372,1,1
2335,2245,8347,1,1
2336,2246,3002,1,1
2337,2247,9306,1,1
2338,2248,3087,1,1
2339,2249,9142,1,1
2340,2250,9085,1,1
2341,2251,4430,1,1
2342,2252,9115,1,1
2343,2253,8701,1,1
2344,2254,7550,1,1
2345,2255,9324,1,1
2346,2256,8720,1,1
2347,2257,8581,1,1
2348,2258,9197,1,1
2349,2259,3893,1,1
2350,2260,7039,1,1
2351,2261,374,1,1
2352,2262,6088,1,1
2353,2263,6641,1,1
2354,2264,8755,1,1
2355,2265,530,1,1
2356,2266,3007,1,1
2357,2267,6581,1,1
2358,2268,7746,1,1
2359,2269,9208,1,1
2360,2270,592,1,1
2361,2271,8995,1,1
2362,2272,2708,1,1
2363,2273,2870,1,1
2364,2274,2521,1,1
2365,2275,7864,1,1
2366,2275,9097,1,1
2367,2275,9914,1,1
2368,2276,6961,1,1
2369,2277,5871,1,1
2370,2278,8281,1,1
2371,2279,211,1,1
2372,2279,2052,1,1
2373,2279,6986,1,1
2374,2280,6687,1,1
2375,2280,7909,1,1
2376,2281,406,1,1
2377,2282,2505,1,1
2378,2283,6157,1,1
2379,2284,1464,1,1
2380,2285,4589,1,1
2381,2286,517,1,1
2382,2287,2761,1,1
2383,2288,1518,1,1
2384,2288,2307,1,1
2385,2289,1382,1,1
2386,2290,670,1,1
2387,2291,1002,1,1
2388,2292,5846,1,1
2389,2293,9696,1,1
2390,2294,1671,1,1
2391,2295,7372,1,1
2392,2296,2418,1,1
2393,2297,9062,1,1
2394,2298,410,1,1
2395,2299,4121,1,1
2396,2300,7676,1,1
2397,2301,220,1,1
2398,2302,3857,1,1
2399,2303,5511,1,1
2400,2304,7138,1,1
2401,2304,8072,1,1
2402,2305,2266,1,1
2403,2306,3764,1,1
2404,2307,2275,1,1
2405,2308,7344,1,1
2406,2309,7854,1,1
2407,2310,1109,1,1
2408,2311,9531,1,1
2409,2312,229,1,1
2410,2313,4600,1,1
2411,2314,1136,1,1
2412,2315,8326,1,1
2413,2316,1645,1,1
2414,2317,8154,1,1
2415,2318,9150,1,1
2416,2319,1947,1,1
2417,2320,6653,1,1
2418,2320,8370,1,1
2419,2321,351,1,1
2420,2321,9470,1,1
2421,2322,3511,1,1
2422,2323,2506,1,1
2423,2324,487,1,1
2424,2325,8564,1,1
2425,2326,5521,1,1
2426,2327,4910,1,1
2427,2328,6069,1,1
2428,2329,6457,1,1
2429,2330,1625,1,1
2430,2331,353,1,1
2431,2332,4870,1,1
2432,2333,7225,1,1
2433,2334,9997,1,1
2434,2335,5860,1,1
2435,2336,382,1,1
2436,2337,7204,1,1
2437,2338,3507,1,1
2438,2339,1754,1,1
2439,2340,1688,1,1
2440,2340,7589,1,1
2441,2341,9043,1,1
2442,2342,3661,1,1
2443,2343,397,1,1
2444,2344,7682,1,1
2445,2345,8291,1,1
2446,2346,2964,1,1
2447,2346,4804,1,1
2448,2347,6563,1,1
2449,2348,6562,1,1
2450,2349,4463,1,1
2451,2350,1725,1,1
2452,2351,6138,1,1
2453,2352,7610,1,1
2454,2353,9012,1,1
2455,2354,2748,1,1
2456,2355,3876,1,1
2457,2356,1152,1,1
2458,2357,7941,1,1
2459,2358,1713,1,1
2460,2359,7910,1,1
2461,2360,7534,1,1
2462,2361,4501,1,1
2463,2362,7064,1,1
2464,2363,1944,1,1
2465,2364,403,1,1
2466,2365,9401,1,1
2467,2366,9951,1,1
2468,2367,2942,1,1
2469,2368,559,1,1
2470,2369,6358,1,1
2471,2370,4150,1,1
2472,2371,4963,1,1
2473,2372,3229,1,1
2474,2373,7962,1,1
2475,2374,1323,1,1
2476,2375,2956,1,1
2477,2376,2900,1,1
2478,2377,6861,1,1
2479,2378,1387,1,1
2480,2379,8230,1,1
2481,2380,6444,1,1
2482,2381,3207,1,1
2483,2382,263,1,1
2484,2383,5437,1,1
2485,2384,7025,1,1
2486,2385,8076,1,1
2487,2386,4941,1,1
2488,2387,4677,1,1
2489,2388,7097,1,1
2490,2389,7429,1,1
2491,2390,8888,1,1
2492,2391,9513,1,1
2493,2392,9352,1,1
2494,2393,9650,1,1
2495,2394,3847,1,1
2496,2395,2759,1,1
2497,2396,4629,1,1
2498,2397,966,1,1
2499,2398,2479,1,1
2500,2398,3398,1,1
2501,2398,5885,1,1
2502,2399,9837,1,1
2503,2400,3831,1,1
2504,2401,9265,1,1
2505,2402,8781,1,1
2506,2403,7744,1,1
2507,2404,9828,1,1
2508,2405,7069,1,1
2509,2406,9480,1,1
2510,2407,2649,1,1
2511,2408,9219,1,1
2512,2409,5155,1,1
2513,2410,6850,1,1
2514,2411,9431,1,1
2515,2412,9111,1,1
2516,2413,6607,1,1
2517,2414,6069,1,1
2518,2415,5729,1,1
2519,2416,9760,1,1
2520,2417,4816,1,1
2521,2418,4328,1,1
2522,2419,4694,1,1
2523,2420,6981,1,1
2524,2421,8051,1,1
2525,2422,1787,1,1
2526,2423,4223,1,1
2527,2424,6104,1,1
2528,2425,8151,1,1
2529,2426,2631,1,1
2530,2427,8746,1,1
2531,2428,2085,1,1
2532,2429,8870,1,1
2533,2430,828,1,1
2534,2431,6719,1,1
2535,2432,6484,1,1
2536,2433,6346,1,1
2537,2434,7262,1,1
2538,2435,2146,1,1
2539,2436,8723,1,1
2540,2437,825,1,1
2541,2438,3969,1,1
2542,2439,859,1,1
2543,2440,2376,1,1
2544,2441,2827,1,1
2545,2442,5477,1,1
2546,2443,2675,1,1
2547,2444,9420,1,1
2548,2445,6959,1,1
2549,2446,6828,1,1
2550,2447,3356,1,1
2551,2448,7972,1,1
2552,2449,1521,1,1
2553,2450,6682,1,1
2554,2451,6555,1,1
2555,2452,7440,1,1
2556,2453,6819,1,1
2557,2453,9085,1,1
2558,2454,319,1,1
2559,2455,8924,1,1
2560,2456,8771,1,1
2561,2457,3425,1,1
2562,2458,4980,1,1
2563,2459,5533,1,1
2564,2460,9869,1,1
2565,2461,7147,1,1
2566,2462,3410,1,1
2567,2463,4394,1,1
2568,2464,3953,1,1
2569,2465,3164,1,1
2570,2466,88,1,1
2571,2467,9267,1,1
2572,2467,9397,1,1
2573,2468,188,1,1
2574,2469,6988,1,1
2575,2470,6850,1,1
2576,2471,5379,1,1
2577,2472,7150,1,1
2578,2473,5405,1,1
2579,2474,2594,1,1
2580,2475,1231,1,1
2581,2476,2815,1,1
2582,2477,6789,1,1
2583,2478,2899,1,1
2584,2479,7460,1,1
2585,2480,7120,1,1
2586,2481,7532,1,1
2587,2482,7808,1,1
2588,2482,8240,1,1
2589,2483,1814,1,1
2590,2484,6772,1,1
2591,2485,2129,1,1
2592,2486,8557,1,1
2593,2487,9507,1,1
2594,2488,2135,1,1
2595,2489,6512,1,1
2596,2490,7823,1,1
2597,2491,8054,1,1
2598,2492,9701,1,1
2599,2493,2226,1,1
2600,2494,9647,1,1
2601,2495,1716,1,1
2602,2496,7603,1,1
2603,2497,5979,1,1
2604,2498,8856,1,1
2605,2499,7616,1,1
2606,2500,9721,1,1
2607,2501,2196,1,1
2608,2502,5239,1,1
2609,2503,7615,1,1
2610,2504,7451,1,1
2611,2505,463,1,1
2612,2506,3609,1,1
2613,2507,2890,1,1
2614,2508,5286,1,1
2615,2509,5964,1,1
2616,2510,4462,1,1
2617,2511,7805,1,1
2618,2512,9761,1,1
2619,2513,645,1,1
2620,2514,5108,1,1
2621,2515,5272,1,1
2622,2516,7365,1,1
2623,2516,9448,1,1
2624,2517,5026,1,1
2625,2518,8704,1,1
2626,2519,8251,1,1
2627,2520,2694,1,1
2628,2520,7168,1,1
2629,2521,2929,1,1
2630,2522,2687,1,1
2631,2523,5949,1,1
2632,2524,183,1,1
2633,2525,6118,1,1
2634,2526,4227,1,1
2635,2527,334,1,1
2636,2528,8087,1,1
2637,2529,7629,1,1
2638,2530,7921,1,1
2639,2531,4983,1,1
2640,2532,7612,1,1
2641,2533,6615,1,1
2642,2534,3729,1,1
2643,2535,3282,1,1
2644,2536,29,1,1
2645,2537,4922,1,1
2646,2538,4911,1,1
2647,2539,969,1,1
2648,2540,8921,1,1
2649,2541,6677,1,1
2650,2542,6732,1,1
2651,2543,9916,1,1
2652,2544,2495,1,1
2653,2545,1046,1,1
2654,2546,7055,1,1
2655,2547,2167,1,1
2656,2548,2626,1,1
2657,2549,5708,1,1
2658,2550,5198,1,1
2659,2551,6155,1,1
2660,2552,2684,1,1
2661,2553,7523,1,1
2662,2554,8603,1,1
2663,2555,5900,1,1
2664,2555,9423,1,1
2665,2556,4654,1,1
2666,2557,9520,1,1
2667,2558,5407,1,1
2668,2559,7747,1,1
2669,2559,8299,1,1
2670,2560,7074,1,1
2671,2561,6327,1,1
2672,2562,6375,1,1
2673,2563,8955,1,1
2674,2564,7811,1,1
2675,2565,6670,1,1
2676,2566,5010,1,1
2677,2567,405,1,1
2678,2568,2651,1,1
2679,2569,7979,1,1
2680,2570,6098,1,1
2681,2571,7266,1,1
2682,2572,3650,1,1
2683,2573,2331,1,1
2684,2574,8945,1,1
2685,2575,8113,1,1
2686,2576,8865,1,1
2687,2577,736,1,1
2688,2578,4985,1,1
2689,2579,1290,1,1
2690,2580,7654,1,1
2691,2581,1203,1,1
2692,2581,9327,1,1
2693,2582,3914,1,1
2694,2582,8520,1,1
2695,2583,1693,1,1
2696,2583,6384,1,1
2697,2584,1621,1,1
2698,2585,7956,1,1
2699,2586,3032,1,1
2700,2587,9617,1,1
2701,2588,9577,1,1
2702,2589,8235,1,1
2703,2590,260,1,1
2704,2591,9199,1,1
2705,2592,3426,1,1
2706,2593,4768,1,1
2707,2594,6540,1,1
2708,2595,8159,1,1
2709,2596,6046,1,1
2710,2597,6108,1,1
2711,2598,6782,1,1
2712,2599,6556,1,1
2713,2600,2881,1,1
2714,2601,1811,1,1
2715,2602,8040,1,1
2716,2603,3988,1,1
2717,2604,93,1,1
2718,2604,4192,1,1
2719,2605,6021,1,1
2720,2606,5023,1,1
2721,2607,7895,1,1
2722,2608,7769,1,1
2723,2609,8942,1,1
2724,2610,4076,1,1
2725,2611,8583,1,1
2726,2612,9671,1,1
2727,2613,902,1,1
2728,2614,3282,1,1
2729,2615,1322,1,1
2730,2616,566,1,1
2731,2617,4118,1,1
2732,2618,8407,1,1
2733,2619,2288,1,1
2734,2620,8465,1,1
2735,2621,975,1,1
2736,2621,9491,1,1
2737,2622,2776,1,1
2738,2623,2603,1,1
2739,2624,5303,1,1
2740,2625,8479,1,1
2741,2626,55,1,1
2742,2627,3689,1,1
2743,2628,4024,1,1
2744,2629,713,1,1
2745,2630,4467,1,1
2746,2631,7804,1,1
2747,2632,6823,1,1
2748,2633,2869,1,1
2749,2634,1570,1,1
2750,2635,445,1,1
2751,2636,6173,1,1
2752,2637,944,1,1
2753,2638,2952,1,1
2754,2638,6907,1,1
2755,2639,5558,1,1
2756,2640,8251,1,1
2757,2641,2059,1,1
2758,2642,3910,1,1
2759,2642,6844,1,1
2760,2643,3619,1,1
2761,2644,7811,1,1
2762,2645,1478,1,1
2763,2646,6731,1,1
2764,2647,27,1,1
2765,2648,4141,1,1
2766,2649,1233,1,1
2767,2650,1936,1,1
2768,2651,945,1,1
2769,2652,3331,1,1
2770,2652,7911,1,1
2771,2653,8647,1,1
2772,2654,7318,1,1
2773,2655,6935,1,1
2774,2656,5430,1,1
2775,2657,5938,1,1
2776,2658,1028,1,1
2777,2659,9897,1,1
2778,2660,5041,1,1
2779,2661,1040,1,1
2780,2662,472,1,1
2781,2663,154,1,1
2782,2664,4187,1,1
2783,2665,700,1,1
2784,2665,3178,1,1
2785,2665,5417,1,1
2786,2666,7556,1,1
2787,2667,3189,1,1
2788,2668,9274,1,1
2789,2669,5581,1,1
2790,2670,6366,1,1
2791,2671,9505,1,1
2792,2672,7493,1,1
2793,2673,4463,1,1
2794,2674,3299,1,1
2795,2675,1598,1,1
2796,2676,8398,1,1
2797,2677,2870,1,1
2798,2678,616,1,1
2799,2679,1815,1,1
2800,2680,2440,1,1
2801,2681,9259,1,1
2802,2682,6119,1,1
2803,2683,1326,1,1
2804,2684,6727,1,1
2805,2685,6570,1,1
2806,2686,4082,1,1
2807,2686,7264,1,1
2808,2687,9140,1,1
2809,2688,1603,1,1
2810,2689,3506,1,1
2811,2690,9373,1,1
2812,2691,5079,1,1
2813,2692,7213,1,1
2814,2693,6198,1,1
2815,2694,2030,1,1
2816,2695,3314,1,1
2817,2695,9122,1,1
2818,2696,7347,1,1
2819,2697,9417,1,1
2820,2698,2217,1,1
2821,2699,5282,1,1
2822,2700,2685,1,1
2823,2700,8590,1,1
2824,2701,7943,1,1
2825,2702,5724,1,1
2826,2703,167,1,1
2827,2704,2620,1,1
2828,2705,2237,1,1
2829,2706,1296,1,1
2830,2707,1958,1,1
2831,2708,510,1,1
2832,2709,4593,1,1
2833,2709,8013,1,1
2834,2710,7682,1,1
2835,2711,3563,1,1
2836,2712,710,1,1
2837,2713,8579,1,1
2838,2714,5309,1,1
2839,2715,1714,1,1
2840,2716,6163,1,1
2841,2717,3234,1,1
2842,2717,6532,1,1
2843,2718,275,1,1
2844,2719,5744,1,1
2845,2720,1516,1,1
2846,2721,1362,1,1
2847,2722,121,1,1
2848,2723,4832,1,1
2849,2724,9774,1,1
2850,2725,640,1,1
2851,2726,7012,1,1
2852,2727,762,1,1
2853,2728,8336,1,1
2854,2729,4539,1,1
2855,2730,1759,1,1
2856,2730,4802,1,1
2857,2731,4935,1,1
2858,2732,7328,1,1
2859,2733,9465,1,1
2860,2734,6165,1,1
2861,2735,528,1,1
2862,2736,2063,1,1
2863,2737,125,1,1
2864,2738,6683,1,1
2865,2739,1438,1,1
2866,2740,7357,1,1
2867,2741,8786,1,1
2868,2742,6538,1,1
2869,2743,6647,1,1
2870,2744,1651,1,1
2871,2745,2395,1,1
2872,2746,6073,1,1
2873,2747,2543,1,1
2874,2748,67,1,1
2875,2749,9161,1,1
2876,2750,3539,1,1
2877,2751,9733,1,1
2878,2752,8697,1,1
2879,2753,1703,1,1
2880,2754,6866,1,1
2881,2755,267,1,1
2882,2756,6393,1,1
2883,2757,7987,1,1
2884,2758,1973,1,1
2885,2759,6588,1,1
2886,2760,8704,1,1
2887,2761,2744,1,1
2888,2761,7567,1,1
2889,2762,6795,1,1
2890,2763,9478,1,1
2891,2764,4220,1,1
2892,2765,2720,1,1
2893,2766,8238,1,1
2894,2767,193,1,1
2895,2768,667,1,1
2896,2768,3051,1,1
2897,2769,9104,1,1
2898,2770,2503,1,1
2899,2771,3095,1,1
2900,2772,3970,1,1
2901,2773,9050,1,1
2902,2774,4474,1,1
2903,2775,2563,1,1
2904,2776,180,1,1
2905,2777,5121,1,1
2906,2778,9966,1,1
2907,2779,8988,1,1
2908,2780,8275,1,1
2909,2781,1635,1,1
2910,2782,7770,1,1
2911,2783,7641,1,1
2912,2784,6650,1,1
2913,2785,5562,1,1
2914,2786,5660,1,1
2915,2787,4379,1,1
2916,2788,2161,1,1
2917,2788,8607,1,1
2918,2789,1156,1,1
2919,2789,3712,1,1
2920,2790,4012,1,1
2921,2791,2525,1,1
2922,2791,7744,1,1
2923,2792,1259,1,1
2924,2793,7889,1,1
2925,2794,2325,1,1
2926,2795,4862,1,1
2927,2796,2484,1,1
2928,2796,8787,1,1
2929,2797,9188,1,1
2930,2798,187,1,1
2931,2799,513,1,1
2932,2800,1089,1,1
2933,2801,7388,1,1
2934,2802,360,1,1
2935,2803,8798,1,1
2936,2804,6328,1,1
2937,2805,1645,1,1
2938,2806,2650,1,1
2939,2806,6363,1,1
2940,2807,1422,1,1
2941,2808,9024,1,1
2942,2809,7695,1,1
2943,2810,8444,1,1
2944,2811,1756,1,1
2945,2812,1448,1,1
2946,2813,4040,1,1
2947,2814,8993,1,1
2948,2815,4613,1,1
2949,2816,228,1,1
2950,2817,9762,1,1
2951,2818,9687,1,1
2952,2819,2890,1,1
2953,2820,4734,1,1
2954,2821,2241,1,1
2955,2822,8288,1,1
2956,2823,4449,1,1
2957,2824,55,1,1
2958,2825,3607,1,1
2959,2826,9940,1,1
2960,2827,8012,1,1
2961,2828,7083,1,1
2962,2829,6580,1,1
2963,2830,2817,1,1
2964,2831,3718,1,1
2965,2832,2924,1,1
2966,2833,7833,1,1
2967,2834,5531,1,1
2968,2835,1624,1,1
2969,2835,2148,1,1
2970,2836,9079,1,1
2971,2837,2381,1,1
2972,2838,4035,1,1
2973,2839,2789,1,1
2974,2840,2748,1,1
2975,2841,1457,1,1
2976,2842,392,1,1
2977,2843,4472,1,1
2978,2844,6385,1,1
2979,2845,3683,1,1
2980,2846,7517,1,1
2981,2847,7053,1,1
2982,2848,564,1,1
2983,2849,5869,1,1
2984,2850,5049,1,1
2985,2851,9930,1,1
2986,2852,2266,1,1
2987,2853,720,1,1
2988,2854,6664,1,1
2989,2855,8501,1,1
2990,2856,8736,1,1
2991,2856,8831,1,1
2992,2857,9242,1,1
2993,2858,5878,1,1
2994,2859,2254,1,1
2995,2860,1929,1,1
2996,2860,3998,1,1
2997,2861,5680,1,1
2998,2862,6062,1,1
2999,2863,4407,1,1
3000,2864,5952,1,1
3001,2865,1623,1,1
3002,2866,3577,1,1
3003,2867,5715,1,1
3004,2867,6332,1,1
3005,2868,2604,1,1
3006,2868,2977,1,1
3007,2869,762,1,1
3008,2870,5289,1,1
3009,2871,6888,1,1
3010,2872,387,1,1
3011,2872,5222,1,1
3012,2873,3285,1,1
3013,2874,8347,1,1
3014,2875,8889,1,1
3015,2876,2238,1,1
3016,2877,796,1,1
3017,2878,2500,1,1
3018,2879,7319,1,1
3019,2880,2130,1,1
3020,2880,3967,1,1
3021,2881,4832,1,1
3022,2882,5391,1,1
3023,2883,8352,1,1
3024,2884,6320,1,1
3025,2885,7704,1,1
3026,2886,648,1,1
3027,2887,6019,1,1
3028,2888,3077,1,1
3029,2889,5844,1,1
3030,2890,6519,1,1
3031,2890,6901,1,1
3032,2891,9043,1,1
3033,2892,7190,1,1
3034,2892,9248,1,1
3035,2893,4213,1,1
3036,2894,2642,1,1
3037,2895,5502,1,1
3038,2895,6002,1,1
3039,2896,7149,1,1
3040,2897,5546,1,1
3041,2898,4570,1,1
3042,2899,316,1,1
3043,2900,9835,1,1
3044,2901,7903,1,1
3045,2902,7645,1,1
3046,2903,7728,1,1
3047,2904,4607,1,1
3048,2905,6675,1,1
3049,2906,2739,1,1
3050,2907,7264,1,1
3051,2908,7955,1,1
3052,2909,2743,1,1
3053,2910,2770,1,1
3054,2911,7232,1,1
3055,2912,7055,1,1
3056,2913,1589,1,1
3057,2914,771,1,1
3058,2915,3206,1,1
3059,2916,6931,1,1
3060,2917,3777,1,1
3061,2918,8520,1,1
3062,2919,2977,1,1
3063,2920,398,1,1
3064,2921,8995,1,1
3065,2922,1252,1,1
3066,2923,463,1,1
3067,2924,3377,1,1
3068,2925,69,1,1
3069,2926,8846,1,1
3070,2927,1535,1,1
3071,2928,3332,1,1
3072,2929,8030,1,1
3073,2930,9052,1,1
3074,2931,7208,1,1
3075,2932,9224,1,1
3076,2933,1025,1,1
3077,2934,3326,1,1
3078,2935,850,1,1
3079,2936,5312,1,1
3080,2937,2002,1,1
3081,2938,6807,1,1
3082,2939,4604,1,1
3083,2940,2110,1,1
3084,2941,9086,1,1
3085,2942,1113,1,1
3086,2943,3835,1,1
3087,2944,571,1,1
3088,2945,4568,1,1
3089,2945,6358,1,1
3090,2946,9936,1,1
3091,2947,4216,1,1
3092,2948,4103,1,1
3093,2949,2913,1,1
3094,2950,8229,1,1
3095,2951,9031,1,1
3096,2952,4568,1,1
3097,2953,6507,1,1
3098,2954,7322,1,1
3099,2955,7153,1,1
3100,2956,1193,1,1
3101,2957,6826,1,1
3102,2958,1737,1,1
3103,2959,5647,1,1
3104,2959,5791,1,1
3105,2960,2963,1,1
3106,2961,1115,1,1
3107,2962,2602,1,1
3108,2963,5309,1,1
3109,2964,2217,1,1
3110,2965,304,1,1
3111,2966,6989,1,1
3112,2967,7911,1,1
3113,2968,2220,1,1
3114,2968,6348,1,1
3115,2969,2002,1,1
3116,2969,2525,1,1
3117,2970,2857,1,1
3118,2971,8905,1,1
3119,2972,4814,1,1
3120,2973,646,1,1
3121,2974,518,1,1
3122,2975,8493,1,1
3123,2976,6860,1,1
3124,2977,976,1,1
3125,2977,9751,1,1
3126,2978,3329,1,1
3127,2979,1136,1,1
3128,2980,933,1,1
3129,2981,1947,1,1
3130,2982,2159,1,1
3131,2983,1343,1,1
3132,2984,6352,1,1
3133,2985,7493,1,1
3134,2986,4829,1,1
3135,2987,4829,1,1
3136,2987,8917,1,1
3137,2988,6960,1,1
3138,2989,7631,1,1
3139,2990,3209,1,1
3140,2991,5773,1,1
3141,2992,6075,1,1
3142,2993,473,1,1
3143,2994,9749,1,1
3144,2995,6741,1,1
3145,2996,4474,1,1
3146,2997,9594,1,1
3147,2998,6952,1,1
3148,2999,6384,1,1
3149,3000,6327,1,1
3150,3001,3347,1,1
3151,3002,267,1,1
3152,3003,4457,1,1
3153,3004,7596,1,1
3154,3005,2608,1,1
3155,3005,8732,1,1
3156,3006,3184,1,1
3157,3007,3553,1,1
3158,3008,7661,1,1
3159,3009,8980,1,1
3160,3010,8328,1,1
3161,3011,1323,1,1
3162,3011,3176,1,1
3163,3011,7318,1,1
3164,3012,6493,1,1
3165,3013,14,1,1
3166,3014,3230,1,1
3167,3015,2810,1,1
3168,3016,6682,1,1
3169,3017,6139,1,1
3170,3018,4442,1,1
3171,3019,224,1,1
3172,3020,688,1,1
3173,3021,1310,1,1
3174,3022,9132,1,1
3175,3023,3411,1,1
3176,3024,9438,1,1
3177,3025,76,1,1
3178,3026,2788,1,1
3179,3027,4922,1,1
3180,3028,6017,1,1
3181,3029,4415,1,1
3182,3030,1057,1,1
3183,3031,1436,1,1
3184,3032,7032,1,1
3185,3033,6907,1,1
3186,3034,8339,1,1
3187,3035,9040,1,1
3188,3036,6193,1,1
3189,3037,3299,1,1
3190,3038,9172,1,1
3191,3039,3174,1,1
3192,3040,2253,1,1
3193,3041,4661,1,1
3194,3042,9944,1,1
3195,3043,6454,1,1
3196,3044,715,1,1
3197,3045,4750,1,1
3198,3046,5547,1,1
3199,3047,5907,1,1
3200,3048,3847,1,1
3201,3049,8927,1,1
3202,3050,1274,1,1
3203,3051,3689,1,1
3204,3051,6924,1,1
3205,3052,7483,1,1
3206,3053,5617,1,1
3207,3054,7618,1,1
3208,3055,1063,1,1
3209,3056,8772,1,1
3210,3057,2030,1,1
3211,3058,6130,1,1
3212,3059,4328,1,1
3213,3060,3080,1,1
3214,3061,8341,1,1
3215,3062,7578,1,1
3216,3063,3989,1,1
3217,3064,4036,1,1
3218,3065,601,1,1
3219,3065,9350,1,1
3220,3066,607,1,1
3221,3066,9985,1,1
3222,3067,6365,1,1
3223,3068,7005,1,1
3224,3069,1613,1,1
3225,3070,7973,1,1
3226,3071,9009,1,1
3227,3072,9662,1,1
3228,3073,1649,1,1
3229,3074,7991,1,1
3230,3075,6245,1,1
3231,3075,7337,1,1
3232,3076,5926,1,1
3233,3077,7420,1,1
3234,3078,7801,1,1
3235,3078,8151,1,1
3236,3079,5732,1,1
3237,3080,9775,1,1
3238,3081,7112,1,1
3239,3082,4772,1,1
3240,3083,1078,1,1
3241,3084,7263,1,1
3242,3085,6867,1,1
3243,3086,3583,1,1
3244,3087,437,1,1
3245,3088,1810,1,1
3246,3089,3287,1,1
3247,3090,955,1,1
3248,3090,8779,1,1
3249,3091,401,1,1
3250,3091,2952,1,1
3251,3092,2101,1,1
3252,3093,1281,1,1
3253,3094,546,1,1
3254,3094,8897,1,1
3255,3095,4798,1,1
3256,3096,897,1,1
3257,3097,1727,1,1
3258,3098,9371,1,1
3259,3099,4017,1,1
3260,3100,1446,1,1
3261,3100,7603,1,1
3262,3101,5728,1,1
3263,3102,7328,1,1
3264,3103,9273,1,1
3265,3104,9175,1,1
3266,3105,9232,1,1
3267,3106,2218,1,1
3268,3107,2920,1,1
3269,3108,4135,1,1
3270,3109,9487,1,1
3271,3110,3226,1,1
3272,3111,3605,1,1
3273,3112,8559,1,1
3274,3113,5748,1,1
3275,3114,2245,1,1
3276,3115,2459,1,1
3277,3116,9645,1,1
3278,3117,8270,1,1
3279,3118,2549,1,1
3280,3119,5903,1,1
3281,3120,7733,1,1
3282,3121,2107,1,1
3283,3122,2115,1,1
3284,3123,195,1,1
3285,3124,1731,1,1
3286,3125,3522,1,1
3287,3126,7784,1,1
3288,3127,6503,1,1
3289,3128,9138,1,1
3290,3129,2249,1,1
3291,3130,3119,1,1
3292,3131,5089,1,1
3293,3132,9107,1,1
3294,3133,7055,1,1
3295,3134,3551,1,1
3296,3135,3295,1,1
3297,3136,8992,1,1
3298,3137,4229,1,1
3299,3138,8610,1,1
3300,3139,9414,1,1
3301,3140,961,1,1
3302,3141,7394,1,1
3303,3142,7689,1,1
3304,3143,9165,1,1
3305,3144,6407,1,1
3306,3145,6591,1,1
3307,3146,3819,1,1
3308,3147,4584,1,1
3309,3148,4290,1,1
3310,3149,4086,1,1
3311,3149,9328,1,1
3312,3150,4719,1,1
3313,3151,9649,1,1
3314,3152,9447,1,1
3315,3153,2985,1,1
3316,3154,904,1,1
3317,3155,7268,1,1
3318,3156,5720,1,1
3319,3157,3957,1,1
3320,3158,885,1,1
3321,3159,1868,1,1
3322,3160,4669,1,1
3323,3161,1704,1,1
3324,3162,2742,1,1
3325,3163,1802,1,1
3326,3164,4117,1,1
3327,3164,6101,1,1
3328,3165,4844,1,1
3329,3166,4661,1,1
3330,3167,5675,1,1
3331,3168,8116,1,1
3332,3169,7698,1,1
3333,3170,9042,1,1
3334,3171,1889,1,1
3335,3172,3100,1,1
3336,3173,4456,1,1
3337,3174,6094,1,1
3338,3175,42,1,1
3339,3176,3681,1,1
3340,3177,1273,1,1
3341,3178,5325,1,1
3342,3179,6524,1,1
3343,3180,4675,1,1
3344,3181,9556,1,1
3345,3182,1261,1,1
3346,3183,1580,1,1
3347,3184,1383,1,1
3348,3185,7562,1,1
3349,3186,5715,1,1
3350,3187,3302,1,1
3351,3188,6602,1,1
3352,3189,2670,1,1
3353,3190,7196,1,1
3354,3191,1956,1,1
3355,3192,3244,1,1
3356,3193,7342,1,1
3357,3194,3051,1,1
3358,3194,7537,1,1
3359,3195,3927,1,1
3360,3196,388,1,1
3361,3197,7087,1,1
3362,3198,2404,1,1
3363,3199,6508,1,1
3364,3200,8996,1,1
3365,3201,6875,1,1
3366,3202,2578,1,1
3367,3203,2684,1,1
3368,3204,5221,1,1
3369,3205,432,1,1
3370,3206,7177,1,1
3371,3207,1320,1,1
3372,3208,5785,1,1
3373,3208,9154,1,1
3374,3209,7873,1,1
3375,3210,1780,1,1
3376,3211,4691,1,1
3377,3212,700,1,1
3378,3213,369,1,1
3379,3213,9884,1,1
3380,3214,5732,1,1
3381,3215,1213,1,1
3382,3216,8923,1,1
3383,3217,5765,1,1
3384,3218,1052,1,1
3385,3219,6270,1,1
3386,3220,6634,1,1
3387,3220,7796,1,1
3388,3221,6919,1,1
3389,3222,7682,1,1
3390,3223,234,1,1
3391,3224,1629,1,1
3392,3225,7757,1,1
3393,3226,3901,1,1
3394,3227,755,1,1
3395,3228,126,1,1
3396,3229,6444,1,1
3397,3230,9331,1,1
3398,3231,6727,1,1
3399,3232,2945,1,1
3400,3232,5631,1,1
3401,3233,7627,1,1
3402,3234,4321,1,1
3403,3235,6734,1,1
3404,3236,3262,1,1
3405,3237,1974,1,1
3406,3237,3597,1,1
3407,3238,3487,1,1
3408,3239,3068,1,1
3409,3240,8698,1,1
3410,3241,8588,1,1
3411,3242,6133,1,1
3412,3243,8167,1,1
3413,3244,9474,1,1
3414,3245,3278,1,1
3415,3245,3669,1,1
3416,3246,3060,1,1
3417,3247,4,1,1
3418,3248,6409,1,1
3419,3249,5510,1,1
3420,3250,3518,1,1
3421,3251,9565,1,1
3422,3252,947,1,1
3423,3253,7686,1,1
3424,3254,5708,1,1
3425,3255,1641,1,1
3426,3256,9355,1,1
3427,3257,4887,1,1
3428,3258,9526,1,1
3429,3259,8225,1,1
3430,3260,5296,1,1
3431,3261,9548,1,1
3432,3262,521,1,1
3433,3263,27,1,1
3434,3264,5445,1,1
3435,3265,2740,1,1
3436,3266,6697,1,1
3437,3267,6327,1,1
3438,3268,1476,1,1
3439,3269,537,1,1
3440,3270,544,1,1
3441,3271,2844,1,1
3442,3272,3786,1,1
3443,3273,5157,1,1
3444,3274,7758,1,1
3445,3275,1783,1,1
3446,3276,720,1,1
3447,3277,6489,1,1
3448,3278,700,1,1
3449,3279,3026,1,1
3450,3280,548,1,1
3451,3281,4202,1,1
3452,3282,3318,1,1
3453,3283,9099,1,1
3454,3284,603,1,1
3455,3285,7202,1,1
3456,3286,9446,1,1
3457,3287,439,1,1
3458,3287,9478,1,1
3459,3288,2344,1,1
3460,3289,7412,1,1
3461,3290,890,1,1
3462,3291,4808,1,1
3463,3292,8506,1,1
3464,3293,2563,1,1
3465,3294,5964,1,1
3466,3295,4691,1,1
3467,3296,3510,1,1
3468,3296,8671,1,1
3469,3297,174,1,1
3470,3298,1648,1,1
3471,3299,5749,1,1
3472,3299,8139,1,1
3473,3300,7716,1,1
3474,3301,7699,1,1
3475,3302,1604,1,1
3476,3303,3142,1,1
3477,3304,1908,1,1
3478,3305,897,1,1
3479,3306,7130,1,1
3480,3307,1952,1,1
3481,3308,3210,1,1
3482,3309,499,1,1
3483,3310,6962,1,1
3484,3311,9721,1,1
3485,3312,3414,1,1
3486,3313,3885,1,1
3487,3314,1727,1,1
3488,3315,8303,1,1
3489,3316,3070,1,1
3490,3317,9201,1,1
3491,3318,9920,1,1
3492,3319,9081,1,1
3493,3320,8318,1,1
3494,3321,1578,1,1
3495,3322,3780,1,1
3496,3323,4774,1,1
3497,3324,3036,1,1
3498,3325,6973,1,1
3499,3325,9129,1,1
3500,3326,1022,1,1
3501,3327,9942,1,1
3502,3328,9637,1,1
3503,3329,2447,1,1
3504,3330,6023,1,1
3505,3331,7463,1,1
3506,3332,1067,1,1
3507,3333,1759,1,1
3508,3334,6146,1,1
3509,3334,9255,1,1
3510,3335,8882,1,1
3511,3336,127,1,1
3512,3336,9381,1,1
3513,3337,1826,1,1
3514,3338,5889,1,1
3515,3339,1576,1,1
3516,3339,9503,1,1
3517,3340,4854,1,1
3518,3341,8151,1,1
3519,3342,32,1,1
3520,3342,9147,1,1
3521,3343,5027,1,1
3522,3344,757,1,1
3523,3345,3609,1,1
3524,3346,6875,1,1
3525,3347,2701,1,1
3526,3348,3782,1,1
3527,3349,8880,1,1
3528,3350,1908,1,1
3529,3351,7434,1,1
3530,3352,2956,1,1
3531,3353,9817,1,1
3532,3354,1796,1,1
3533,3355,860,1,1
3534,3356,1430,1,1
3535,3357,6193,1,1
3536,3358,9733,1,1
3537,3359,2361,1,1
3538,3360,4047,1,1
3539,3361,3176,1,1
3540,3362,946,1,1
3541,3363,3500,1,1
3542,3364,565,1,1
3543,3365,689,1,1
3544,3366,120,1,1
3545,3367,5658,1,1
3546,3368,493,1,1
3547,3369,2879,1,1
3548,3370,1836,1,1
3549,3371,8249,1,1
3550,3372,1363,1,1
3551,3373,5396,1,1
3552,3374,448,1,1
3553,3374,2419,1,1
3554,3375,7210,1,1
3555,3376,559,1,1
3556,3377,7977,1,1
3557,3378,5529,1,1
3558,3379,473,1,1
3559,3380,9849,1,1
3560,3381,7891,1,1
3561,3382,5858,1,1
3562,3383,5641,1,1
3563,3384,7535,1,1
3564,3385,8662,1,1
3565,3386,2081,1,1
3566,3387,1982,1,1
3567,3388,8499,1,1
3568,3389,3993,1,1
3569,3390,882,1,1
3570,3391,5368,1,1
3571,3391,8187,1,1
3572,3392,9494,1,1
3573,3393,9786,1,1
3574,3394,3575,1,1
3575,3395,2938,1,1
3576,3396,3878,1,1
3577,3397,5689,1,1
3578,3398,154,1,1
3579,3399,9764,1,1
3580,3400,4239,1,1
3581,3401,5663,1,1
3582,3402,5866,1,1
3583,3403,4169,1,1
3584,3404,1587,1,1
3585,3405,751,1,1
3586,3405,2831,1,1
3587,3406,9976,1,1
3588,3407,8180,1,1
3589,3408,7237,1,1
3590,3409,5401,1,1
3591,3410,9674,1,1
3592,3411,5344,1,1
3593,3412,989,1,1
3594,3413,2411,1,1
3595,3413,8061,1,1
3596,3414,818,1,1
3597,3414,5449,1,1
3598,3414,9532,1,1
3599,3415,6125,1,1
3600,3416,3173,1,1
3601,3417,744,1,1
3602,3418,39,1,1
3603,3419,636,1,1
3604,3420,8214,1,1
3605,3421,2086,1,1
3606,3422,7719,1,1
3607,3423,3271,1,1
3608,3424,6685,1,1
3609,3425,7531,1,1
3610,3426,3010,1,1
3611,3427,1463,1,1
3612,3428,7418,1,1
3613,3429,562,1,1
3614,3430,9404,1,1
3615,3431,6916,1,1
3616,3432,7759,1,1
3617,3433,1712,1,1
3618,3434,1230,1,1
3619,3435,5940,1,1
3620,3436,3419,1,1
3621,3437,8999,1,1
3622,3438,7382,1,1
3623,3439,83,1,1
3624,3440,6046,1,1
3625,3441,8557,1,1
3626,3442,4646,1,1
3627,3443,3237,1,1
3628,3444,5672,1,1
3629,3445,3186,1,1
3630,3446,1926,1,1
3631,3447,6429,1,1
3632,3448,3336,1,1
3633,3449,7023,1,1
3634,3450,6918,1,1
3635,3451,2144,1,1
3636,3452,5462,1,1
3637,3453,5034,1,1
3638,3454,1551,1,1
3639,3455,4324,1,1
3640,3456,5929,1,1
3641,3457,7825,1,1
3642,3458,9377,1,1
3643,3459,4254,1,1
3644,3460,85,1,1
3645,3461,6388,1,1
3646,3462,8099,1,1
3647,3463,1566,1,1
3648,3464,9697,1,1
3649,3465,2003,1,1
3650,3465,2509,1,1
3651,3466,9201,1,1
3652,3466,9844,1,1
3653,3467,7750,1,1
3654,3468,3234,1,1
3655,3469,8065,1,1
3656,3470,3029,1,1
3657,3471,3391,1,1
3658,3472,2944,1,1
3659,3472,7400,1,1
3660,3472,9145,1,1
3661,3473,9438,1,1
3662,3474,5885,1,1
3663,3474,9853,1,1
3664,3475,1546,1,1
3665,3476,3161,1,1
3666,3477,105,1,1
3667,3478,4451,1,1
3668,3479,3045,1,1
3669,3480,3503,1,1
3670,3481,2671,1,1
3671,3482,6954,1,1
3672,3483,2527,1,1
3673,3484,6833,1,1
3674,3485,60,1,1
3675,3486,5872,1,1
3676,3487,363,1,1
3677,3488,9538,1,1
3678,3489,2448,1,1
3679,3490,358,1,1
3680,3490,711,1,1
3681,3491,747,1,1
3682,3492,2039,1,1
3683,3492,8131,1,1
3684,3493,8115,1,1
3685,3494,7083,1,1
3686,3495,4377,1,1
3687,3496,8987,1,1
3688,3497,7845,1,1
3689,3498,6196,1,1
3690,3499,8163,1,1
3691,3500,3748,1,1
3692,3501,2703,1,1
3693,3502,9833,1,1
3694,3503,1442,1,1
3695,3504,4992,1,1
3696,3505,6240,1,1
3697,3506,5838,1,1
3698,3507,3275,1,1
3699,3508,4559,1,1
3700,3509,8126,1,1
3701,3510,3510,1,1
3702,3511,9151,1,1
3703,3512,1731,1,1
3704,3513,5597,1,1
3705,3514,4707,1,1
3706,3515,9758,1,1
3707,3516,5785,1,1
3708,3517,3724,1,1
3709,3518,7176,1,1
3710,3519,3863,1,1
3711,3520,9893,1,1
3712,3521,6642,1,1
3713,3522,2199,1,1
3714,3523,3712,1,1
3715,3524,1348,1,1
3716,3525,2873,1,1
3717,3526,1728,1,1
3718,3527,1480,1,1
3719,3528,8222,1,1
3720,3529,2379,1,1
3721,3530,1649,1,1
3722,3531,8757,1,1
3723,3532,5388,1,1
3724,3533,2106,1,1
3725,3534,7686,1,1
3726,3535,4282,1,1
3727,3536,7926,1,1
3728,3537,6383,1,1
3729,3538,4253,1,1
3730,3539,7824,1,1
3731,3540,6194,1,1
3732,3541,2993,1,1
3733,3542,441,1,1
3734,3542,5921,1,1
3735,3543,3452,1,1
3736,3544,2967,1,1
3737,3545,3386,1,1
3738,3546,3115,1,1
3739,3547,3236,1,1
3740,3548,714,1,1
3741,3549,6264,1,1
3742,3549,9907,1,1
3743,3550,5952,1,1
3744,3551,6970,1,1
3745,3552,7314,1,1
3746,3553,6264,1,1
3747,3554,1767,1,1
3748,3555,9679,1,1
3749,3556,389,1,1
3750,3557,274,1,1
3751,3558,1556,1,1
3752,3559,2004,1,1
3753,3560,454,1,1
3754,3561,1134,1,1
3755,3562,9443,1,1
3756,3563,289,1,1
3757,3564,4575,1,1
3758,3565,3409,1,1
3759,3566,9145,1,1
3760,3567,2822,1,1
3761,3568,6744,1,1
3762,3569,6580,1,1
3763,3570,5630,1,1
3764,3571,668,1,1
3765,3571,8378,1,1
3766,3572,4892,1,1
3767,3573,4923,1,1
3768,3573,7098,1,1
3769,3574,7746,1,1
3770,3575,1107,1,1
3771,3576,2588,1,1
3772,3577,124,1,1
3773,3577,9756,1,1
3774,3578,1718,1,1
3775,3579,5512,1,1
3776,3579,5717,1,1
3777,3580,5580,1,1
3778,3581,1206,1,1
3779,3581,1738,1,1
3780,3582,8130,1,1
3781,3583,5303,1,1
3782,3584,6646,1,1
3783,3585,8106,1,1
3784,3586,1919,1,1
3785,3587,8791,1,1
3786,3588,9547,1,1
3787,3589,9906,1,1
3788,3590,5166,1,1
3789,3591,9412,1,1
3790,3592,7298,1,1
3791,3593,820,1,1
3792,3594,5088,1,1
3793,3595,215,1,1
3794,3595,9415,1,1
3795,3596,4146,1,1
3796,3597,1852,1,1
3797,3598,4074,1,1
3798,3599,7559,1,1
3799,3600,6025,1,1
3800,3601,6337,1,1
3801,3602,8314,1,1
3802,3603,2923,1,1
3803,3604,423,1,1
3804,3604,3712,1,1
3805,3604,5738,1,1
3806,3605,2698,1,1
3807,3605,4920,1,1
3808,3606,3101,1,1
3809,3607,5405,1,1
3810,3608,7818,1,1
3811,3609,8045,1,1
3812,3610,7859,1,1
3813,3611,2412,1,1
3814,3612,5016,1,1
3815,3613,263,1,1
3816,3614,8002,1,1
3817,3615,8826,1,1
3818,3616,8806,1,1
3819,3617,3984,1,1
3820,3618,3474,1,1
3821,3619,2130,1,1
3822,3620,1427,1,1
3823,3621,597,1,1
3824,3622,662,1,1
3825,3623,9191,1,1
3826,3624,9894,1,1
3827,3625,9003,1,1
3828,3626,4591,1,1
3829,3627,7902,1,1
3830,3628,9675,1,1
3831,3629,4823,1,1
3832,3630,8043,1,1
3833,3631,4713,1,1
3834,3632,6371,1,1
3835,3633,6452,1,1
3836,3634,7483,1,1
3837,3635,2233,1,1
3838,3636,4525,1,1
3839,3637,2536,1,1
3840,3638,2864,1,1
3841,3638,3147,1,1
3842,3639,1289,1,1
3843,3640,4156,1,1
3844,3641,2347,1,1
3845,3642,2015,1,1
3846,3643,3632,1,1
3847,3644,8641,1,1
3848,3645,6469,1,1
3849,3646,6596,1,1
3850,3647,7368,1,1
3851,3648,5102,1,1
3852,3649,1708,1,1
3853,3650,98,1,1
3854,3651,7738,1,1
3855,3652,8714,1,1
3856,3653,9586,1,1
3857,3654,5285,1,1
3858,3655,3119,1,1
3859,3656,9640,1,1
3860,3657,5965,1,1
3861,3658,136,1,1
3862,3659,2923,1,1
3863,3660,6470,1,1
3864,3661,2332,1,1
3865,3662,3294,1,1
3866,3663,8387,1,1
3867,3664,6213,1,1
3868,3665,3713,1,1
3869,3666,930,1,1
3870,3667,1750,1,1
3871,3668,7635,1,1
3872,3669,5341,1,1
3873,3670,7720,1,1
3874,3671,5645,1,1
3875,3672,1399,1,1
3876,3672,9470,1,1
3877,3672,9811,1,1
3878,3673,9900,1,1
3879,3674,8089,1,1
3880,3675,9345,1,1
3881,3676,2754,1,1
3882,3676,5152,1,1
3883,3677,530,1,1
3884,3677,2132,1,1
3885,3678,570,1,1
3886,3679,597,1,1
3887,3680,9845,1,1
3888,3681,6116,1,1
3889,3682,3594,1,1
3890,3683,9546,1,1
3891,3684,5748,1,1
3892,3685,7545,1,1
3893,3686,9371,1,1
3894,3687,4317,1,1
3895,3688,43,1,1
3896,3689,3143,1,1
3897,3690,3509,1,1
3898,3691,338,1,1
3899,3692,8311,1,1
3900,3693,4248,1,1
3901,3694,2964,1,1
3902,3695,5505,1,1
3903,3696,506,1,1
3904,3697,2482,1,1
3905,3698,9025,1,1
3906,3699,7854,1,1
